file,line,property,text,category,context
scenes/ui/BattleGameUI.tscn,63,text,PlaKoro Battle,player/editor UI,"text = ""PlaKoro Battle"""
scenes/ui/BattleGameUI.tscn,72,text,Turn,player/editor UI,"text = ""Turn"""
scenes/ui/BattleGameUI.tscn,77,text,Test Layout,player/editor UI,"text = ""Test Layout"""
scenes/ui/BattleGameUI.tscn,82,text,← Back to Preparation,player/editor UI,"text = ""← Back to Preparation"""
scenes/ui/BattleGameUI.tscn,87,text,Restart,player/editor UI,"text = ""Restart"""
scenes/ui/BattleGameUI.tscn,93,text,Dice setup,player/editor UI,"text = ""Dice setup"""
scenes/ui/BattleGameUI.tscn,212,text,YOU,player/editor UI,"text = ""YOU"""
scenes/ui/BattleGameUI.tscn,218,text,Pikachu,player/editor UI,"text = ""Pikachu"""
scenes/ui/BattleGameUI.tscn,223,text,Type: —,player/editor UI,"text = ""Type: —"""
scenes/ui/BattleGameUI.tscn,229,text,Weakness: —,player/editor UI,"text = ""Weakness: —"""
scenes/ui/BattleGameUI.tscn,240,text,0 / 0,player/editor UI,"text = ""0 / 0"""
scenes/ui/BattleGameUI.tscn,268,text,AI,player/editor UI,"text = ""AI"""
scenes/ui/BattleGameUI.tscn,274,text,Squirtle,player/editor UI,"text = ""Squirtle"""
scenes/ui/BattleGameUI.tscn,279,text,Type: —,player/editor UI,"text = ""Type: —"""
scenes/ui/BattleGameUI.tscn,285,text,Weakness: —,player/editor UI,"text = ""Weakness: —"""
scenes/ui/BattleGameUI.tscn,296,text,0 / 0,player/editor UI,"text = ""0 / 0"""
scenes/ui/BattleGameUI.tscn,324,text,Choose a move.,player/editor UI,"text = ""Choose a move."""
scenes/ui/BattleGameUI.tscn,338,text,Turn 1 — YOUR TURN • Choose a Move,player/editor UI,"text = ""Turn 1 — YOUR TURN • Choose a Move"""
scenes/ui/BattleGameUI.tscn,355,text,VICTORY,player/editor UI,"text = ""VICTORY"""
scenes/ui/BattleGameUI.tscn,361,text,Turns: 0,player/editor UI,"text = ""Turns: 0"""
scenes/ui/BattleGameUI.tscn,367,text,YOU 0 / 0 HP   •   AI 0 / 0 HP,player/editor UI,"text = ""YOU 0 / 0 HP   •   AI 0 / 0 HP"""
scenes/ui/BattleGameUI.tscn,378,text,Rematch,player/editor UI,"text = ""Rematch"""
scenes/ui/BattleGameUI.tscn,384,text,Back to Preparation,player/editor UI,"text = ""Back to Preparation"""
scenes/ui/BattleGameUI.tscn,406,text,Moves,player/editor UI,"text = ""Moves"""
scenes/ui/BattleGameUI.tscn,437,text,Roll Result,player/editor UI,"text = ""Roll Result"""
scenes/ui/BattleGameUI.tscn,458,text,Energy requirement,player/editor UI,"text = ""Energy requirement"""
scenes/ui/BattleGameUI.tscn,479,text,Charakoro Effect Triggered,player/editor UI,"text = ""Charakoro Effect Triggered"""
scenes/ui/BattleGameUI.tscn,485,text,HEAD UP,player/editor UI,"text = ""HEAD UP"""
scenes/ui/BattleGameUI.tscn,503,text,Battle Timeline,player/editor UI,"text = ""Battle Timeline"""
scenes/ui/BattleGameUI.tscn,508,text,Technical,player/editor UI,"text = ""Technical"""
scenes/ui/BattleGameUI.tscn,525,title,Exit PlaKoro?,player/editor UI,"title = ""Exit PlaKoro?"""
scenes/ui/BattleGameUI.tscn,527,ok_button_text,Quit,player/editor UI,"ok_button_text = ""Quit"""
scenes/ui/BattleGameUI.tscn,528,cancel_button_text,Cancel,player/editor UI,"cancel_button_text = ""Cancel"""
scenes/ui/MoveBuilderUI.tscn,63,text,Move Builder,review,"text = ""Move Builder"""
scenes/ui/MoveBuilderUI.tscn,70,text,Draft Mode,review,"text = ""Draft Mode"""
scenes/ui/MoveBuilderUI.tscn,75,text,Discard Draft,review,"text = ""Discard Draft"""
scenes/ui/MoveBuilderUI.tscn,80,text,← Back to Preparation,review,"text = ""← Back to Preparation"""
scenes/ui/MoveBuilderUI.tscn,104,text,Pokémon,review,"text = ""Pokémon"""
scenes/ui/MoveBuilderUI.tscn,111,text,Pikachu,review,"text = ""Pikachu"""
scenes/ui/MoveBuilderUI.tscn,116,text,pikachu_standard,review,"text = ""pikachu_standard"""
scenes/ui/MoveBuilderUI.tscn,134,text,Available Moves from Database,review,"text = ""Available Moves from Database"""
scenes/ui/MoveBuilderUI.tscn,139,text,Select up to four legal moves. Same-name alternate cards are disabled automatically.,review,"text = ""Select up to four legal moves. Same-name alternate cards are disabled automatically."""
scenes/ui/MoveBuilderUI.tscn,178,text,Selected Moves,review,"text = ""Selected Moves"""
scenes/ui/MoveBuilderUI.tscn,183,text,Selected 4 / 4,review,"text = ""Selected 4 / 4"""
scenes/ui/MoveBuilderUI.tscn,197,text,Draft matches saved loadout.,review,"text = ""Draft matches saved loadout."""
scenes/ui/MoveBuilderUI.tscn,209,text,Live Move Coverage,review,"text = ""Live Move Coverage"""
scenes/ui/MoveBuilderUI.tscn,227,text,☆☆☆☆☆ No Analysis,review,"text = ""☆☆☆☆☆ No Analysis"""
scenes/ui/MoveBuilderUI.tscn,232,text,Overall coverage: —,review,"text = ""Overall coverage: —"""
scenes/ui/MoveBuilderUI.tscn,238,text,Energy Usage,review,"text = ""Energy Usage"""
scenes/ui/MoveBuilderUI.tscn,250,text,Selection Validation,review,"text = ""Selection Validation"""
scenes/ui/MoveBuilderUI.tscn,256,text,NOT READY,review,"text = ""NOT READY"""
scenes/ui/MoveBuilderUI.tscn,265,text,Status,review,"text = ""Status"""
scenes/ui/MoveBuilderUI.tscn,279,text,Apply Changes,review,"text = ""Apply Changes"""
scenes/ui/MoveBuilderUI.tscn,286,text,Continue,review,"text = ""Continue"""
scenes/ui/EnergyDiceVisualBuilderUI.tscn,66,text,Enerkoro Builder,player/editor UI,"text = ""Enerkoro Builder"""
scenes/ui/EnergyDiceVisualBuilderUI.tscn,74,text,← Back to Preparation,player/editor UI,"text = ""← Back to Preparation"""
scenes/ui/EnergyDiceVisualBuilderUI.tscn,104,text,CURRENT SETUP,player/editor UI,"text = ""CURRENT SETUP"""
scenes/ui/EnergyDiceVisualBuilderUI.tscn,112,text,Editing: Player Custom,player/editor UI,"text = ""Editing: Player Custom"""
scenes/ui/EnergyDiceVisualBuilderUI.tscn,122,text,✓ Valid,player/editor UI,"text = ""✓ Valid"""
scenes/ui/EnergyDiceVisualBuilderUI.tscn,129,text,Select a face to change its Energy. Fixed faces must use unique Energy types across all three Enerkoro.,player/editor UI,"text = ""Select a face to change its Energy. Fixed faces must use unique Energy types across all three Enerkoro."""
scenes/ui/EnergyDiceVisualBuilderUI.tscn,145,text,Enerkoro Faces,player/editor UI,"text = ""Enerkoro Faces"""
scenes/ui/EnergyDiceVisualBuilderUI.tscn,154,text,3 Enerkoro • 6 faces each,player/editor UI,"text = ""3 Enerkoro • 6 faces each"""
scenes/ui/EnergyDiceVisualBuilderUI.tscn,176,text,Advanced ▸,player/editor UI,"text = ""Advanced ▸"""
scenes/ui/EnergyDiceVisualBuilderUI.tscn,199,text,Energy Preview,player/editor UI,"text = ""Energy Preview"""
scenes/ui/EnergyDiceVisualBuilderUI.tscn,222,text,Move Readiness,player/editor UI,"text = ""Move Readiness"""
scenes/ui/EnergyDiceVisualBuilderUI.tscn,228,text,Availability based on the four Moves in the current Player Loadout.,player/editor UI,"text = ""Availability based on the four Moves in the current Player Loadout."""
scenes/ui/EnergyDiceVisualBuilderUI.tscn,252,text,Setup Validation,player/editor UI,"text = ""Setup Validation"""
scenes/ui/EnergyDiceVisualBuilderUI.tscn,261,text,Energy Probability,player/editor UI,"text = ""Energy Probability"""
scenes/ui/EnergyDiceVisualBuilderUI.tscn,271,text,Reset to Default,player/editor UI,"text = ""Reset to Default"""
scenes/ui/EnergyDiceVisualBuilderUI.tscn,282,text,Save,player/editor UI,"text = ""Save"""
scenes/ui/EnergyDiceVisualBuilderUI.tscn,287,text,Save & Use,player/editor UI,"text = ""Save & Use"""
scenes/ui/EnergyDiceSetupView.tscn,51,text,Enerkoro Setup,review,"text = ""Enerkoro Setup"""
scenes/ui/EnergyDiceSetupView.tscn,64,text,Load,review,"text = ""Load"""
scenes/ui/EnergyDiceSetupView.tscn,69,text,Validation,review,"text = ""Validation"""
scenes/ui/EnergyDiceSetupView.tscn,94,text,Probability,review,"text = ""Probability"""
scenes/ui/BattlePreparationUI.tscn,65,text,Battle Preparation,player/editor UI,"text = ""Battle Preparation"""
scenes/ui/BattlePreparationUI.tscn,73,text,Loadout,player/editor UI,"text = ""Loadout"""
scenes/ui/BattlePreparationUI.tscn,78,text,Content Studio,player/editor UI,"text = ""Content Studio"""
scenes/ui/BattlePreparationUI.tscn,116,text,Pokémon,player/editor UI,"text = ""Pokémon"""
scenes/ui/BattlePreparationUI.tscn,138,text,Pokémon,player/editor UI,"text = ""Pokémon"""
scenes/ui/BattlePreparationUI.tscn,143,text,pokemon_id,player/editor UI,"text = ""pokemon_id"""
scenes/ui/BattlePreparationUI.tscn,148,text,Type: —,player/editor UI,"text = ""Type: —"""
scenes/ui/BattlePreparationUI.tscn,153,text,HP: —,player/editor UI,"text = ""HP: —"""
scenes/ui/BattlePreparationUI.tscn,159,text,Weakness: —,player/editor UI,"text = ""Weakness: —"""
scenes/ui/BattlePreparationUI.tscn,173,text,Battle Setup,player/editor UI,"text = ""Battle Setup"""
scenes/ui/BattlePreparationUI.tscn,193,text,Opponent,player/editor UI,"text = ""Opponent"""
scenes/ui/BattlePreparationUI.tscn,199,text,Squirtle,player/editor UI,"text = ""Squirtle"""
scenes/ui/BattlePreparationUI.tscn,205,text,Loadout,player/editor UI,"text = ""Loadout"""
scenes/ui/BattlePreparationUI.tscn,210,text,Difficulty,player/editor UI,"text = ""Difficulty"""
scenes/ui/BattlePreparationUI.tscn,216,text,Weakness: —,player/editor UI,"text = ""Weakness: —"""
scenes/ui/BattlePreparationUI.tscn,224,text,Resolution,player/editor UI,"text = ""Resolution"""
scenes/ui/BattlePreparationUI.tscn,236,text,Validation,player/editor UI,"text = ""Validation"""
scenes/ui/BattlePreparationUI.tscn,249,text,Selected Moves,player/editor UI,"text = ""Selected Moves"""
scenes/ui/BattlePreparationUI.tscn,270,text,Enerkoro,player/editor UI,"text = ""Enerkoro"""
scenes/ui/BattlePreparationUI.tscn,289,text,Loadout Analysis,player/editor UI,"text = ""Loadout Analysis"""
scenes/ui/BattlePreparationUI.tscn,295,text,☆☆☆☆☆  No Analysis,player/editor UI,"text = ""☆☆☆☆☆  No Analysis"""
scenes/ui/BattlePreparationUI.tscn,301,text,Overall coverage: —,player/editor UI,"text = ""Overall coverage: —"""
scenes/ui/BattlePreparationUI.tscn,308,text,Move Coverage,player/editor UI,"text = ""Move Coverage"""
scenes/ui/BattlePreparationUI.tscn,314,text,Coverage,player/editor UI,"text = ""Coverage"""
scenes/ui/BattlePreparationUI.tscn,323,text,Energy Usage,player/editor UI,"text = ""Energy Usage"""
scenes/ui/BattlePreparationUI.tscn,333,text,Loadout Status: Saved,player/editor UI,"text = ""Loadout Status: Saved"""
scenes/ui/BattlePreparationUI.tscn,338,text,Loadout Signature: —,player/editor UI,"text = ""Loadout Signature: —"""
scenes/ui/BattlePreparationUI.tscn,351,text,Move Configuration: ✓ Saved Loadout,player/editor UI,"text = ""Move Configuration: ✓ Saved Loadout"""
scenes/ui/BattlePreparationUI.tscn,362,text,Refresh,player/editor UI,"text = ""Refresh"""
scenes/ui/BattlePreparationUI.tscn,368,text,Edit Enerkoro,player/editor UI,"text = ""Edit Enerkoro"""
scenes/ui/BattlePreparationUI.tscn,374,text,Configure Battle / Moves,player/editor UI,"text = ""Configure Battle / Moves"""
scenes/ui/BattlePreparationUI.tscn,385,text,Start Battle,player/editor UI,"text = ""Start Battle"""
scenes/ui/BattlePreparationUI.tscn,389,title,Battle Loadout Setup,player/editor UI,"title = ""Battle Loadout Setup"""
scenes/ui/BattlePreparationUI.tscn,395,ok_button_text,Apply Battle Setup,player/editor UI,"ok_button_text = ""Apply Battle Setup"""
scenes/ui/BattlePreparationUI.tscn,396,cancel_button_text,Cancel,player/editor UI,"cancel_button_text = ""Cancel"""
scenes/ui/BattlePreparationUI.tscn,405,text,"Configure Player and AI battle loadouts here. Select Pokémon, exactly four different move_name_id Moves, Player Enerkoro source, and AI difficulty. Hover a Move to open its detail card with Charakoro trigger/effect information. Move content editing remains in Content Studio.",player/editor UI,"text = ""Configure Player and AI battle loadouts here. Select Pokémon, exactly four different move_name_id Moves, Player Enerkoro source, and AI difficulty. Hover a Move to open its detail card with Charakoro trigger/effect information. Move"
scenes/ui/BattlePreparationUI.tscn,411,text,Player: 0 / 4 Moves | AI: 0 / 4 Moves,player/editor UI,"text = ""Player: 0 / 4 Moves | AI: 0 / 4 Moves"""
scenes/ui/BattlePreparationUI.tscn,430,text,Player,player/editor UI,"text = ""Player"""
scenes/ui/BattlePreparationUI.tscn,439,text,Enerkoro Source,player/editor UI,"text = ""Enerkoro Source"""
scenes/ui/BattlePreparationUI.tscn,450,text,Using Pokémon Default,player/editor UI,"text = ""Using Pokémon Default"""
scenes/ui/BattlePreparationUI.tscn,458,text,Select 4 Moves,player/editor UI,"text = ""Select 4 Moves"""
scenes/ui/BattlePreparationUI.tscn,463,text,0 / 4,player/editor UI,"text = ""0 / 4"""
scenes/ui/BattlePreparationUI.tscn,491,text,AI,player/editor UI,"text = ""AI"""
scenes/ui/BattlePreparationUI.tscn,509,text,Select 4 Moves,player/editor UI,"text = ""Select 4 Moves"""
scenes/ui/BattlePreparationUI.tscn,514,text,0 / 4,player/editor UI,"text = ""0 / 4"""
scenes/ui/PlakoroContentStudioUI.tscn,61,text,Plakoro Content Studio,player/editor UI,"text = ""Plakoro Content Studio"""
scenes/ui/PlakoroContentStudioUI.tscn,70,text,Validate Database,player/editor UI,"text = ""Validate Database"""
scenes/ui/PlakoroContentStudioUI.tscn,75,text,← Back to Preparation,player/editor UI,"text = ""← Back to Preparation"""
scenes/ui/PlakoroContentStudioUI.tscn,84,text,Pokémon Editor,player/editor UI,"text = ""Pokémon Editor"""
scenes/ui/PlakoroContentStudioUI.tscn,89,text,Charakoro Profile Editor,player/editor UI,"text = ""Charakoro Profile Editor"""
scenes/ui/PlakoroContentStudioUI.tscn,94,text,Move Editor,player/editor UI,"text = ""Move Editor"""
scenes/ui/PlakoroContentStudioUI.tscn,99,text,Model Weight Generator,player/editor UI,"text = ""Model Weight Generator"""
scenes/ui/PlakoroContentStudioUI.tscn,108,text,Advanced / Technical Details,player/editor UI,"text = ""Advanced / Technical Details"""
scenes/ui/PlakoroContentStudioUI.tscn,109,tooltip_text,"Show schema, runtime compatibility, legacy JSON, and technical previews.",player/editor UI,"tooltip_text = ""Show schema, runtime compatibility, legacy JSON, and technical previews."""
scenes/ui/PlakoroContentStudioUI.tscn,139,text,Source: New Content,player/editor UI,"text = ""Source: New Content"""
scenes/ui/PlakoroContentStudioUI.tscn,144,text,Restore Built-in,player/editor UI,"text = ""Restore Built-in"""
scenes/ui/PlakoroContentStudioUI.tscn,146,tooltip_text,Remove the user override and return to the built-in version.,player/editor UI,"tooltip_text = ""Remove the user override and return to the built-in version."""
scenes/ui/PlakoroContentStudioUI.tscn,162,text,×,player/editor UI,"text = ""×"""
scenes/ui/PlakoroContentStudioUI.tscn,163,tooltip_text,Clear search,player/editor UI,"tooltip_text = ""Clear search"""
scenes/ui/PlakoroContentStudioUI.tscn,173,tooltip_text,Filter by content source,player/editor UI,"tooltip_text = ""Filter by content source"""
scenes/ui/PlakoroContentStudioUI.tscn,179,tooltip_text,Filter by Pokémon or Move type,player/editor UI,"tooltip_text = ""Filter by Pokémon or Move type"""
scenes/ui/PlakoroContentStudioUI.tscn,184,text,0 / 0 shown,player/editor UI,"text = ""0 / 0 shown"""
scenes/ui/PlakoroContentStudioUI.tscn,200,text,New,player/editor UI,"text = ""New"""
scenes/ui/PlakoroContentStudioUI.tscn,206,text,Load,player/editor UI,"text = ""Load"""
scenes/ui/PlakoroContentStudioUI.tscn,212,text,Duplicate,player/editor UI,"text = ""Duplicate"""
scenes/ui/PlakoroContentStudioUI.tscn,213,tooltip_text,Create a new user-owned copy of the selected content.,player/editor UI,"tooltip_text = ""Create a new user-owned copy of the selected content."""
scenes/ui/PlakoroContentStudioUI.tscn,219,text,Delete,player/editor UI,"text = ""Delete"""
scenes/ui/PlakoroContentStudioUI.tscn,220,tooltip_text,Delete the selected database JSON,player/editor UI,"tooltip_text = ""Delete the selected database JSON"""
scenes/ui/PlakoroContentStudioUI.tscn,248,text,New Pokémon,player/editor UI,"text = ""New Pokémon"""
scenes/ui/PlakoroContentStudioUI.tscn,254,text,New Content · ✓ Saved,player/editor UI,"text = ""New Content · ✓ Saved"""
scenes/ui/PlakoroContentStudioUI.tscn,260,text,No dependency information yet.,player/editor UI,"text = ""No dependency information yet."""
scenes/ui/PlakoroContentStudioUI.tscn,281,text,Create New Content,player/editor UI,"text = ""Create New Content"""
scenes/ui/PlakoroContentStudioUI.tscn,287,text,"Complete the required information, then create the content.",player/editor UI,"text = ""Complete the required information, then create the content."""
scenes/ui/PlakoroContentStudioUI.tscn,293,text,Required fields will appear here.,player/editor UI,"text = ""Required fields will appear here."""
scenes/ui/PlakoroContentStudioUI.tscn,309,text,V2 schema: schema_version / id / species_id / display_name / pokemon_type / max_hp / weaknesses[] / available_move_card_ids[] / kyokoro_profile_id,player/editor UI,"text = ""V2 schema: schema_version / id / species_id / display_name / pokemon_type / max_hp / weaknesses[] / available_move_card_ids[] / kyokoro_profile_id"""
scenes/ui/PlakoroContentStudioUI.tscn,326,text,Basic Information,player/editor UI,"text = ""Basic Information"""
scenes/ui/PlakoroContentStudioUI.tscn,340,text,id,player/editor UI,"text = ""id"""
scenes/ui/PlakoroContentStudioUI.tscn,352,text,species_id,player/editor UI,"text = ""species_id"""
scenes/ui/PlakoroContentStudioUI.tscn,364,text,display_name,player/editor UI,"text = ""display_name"""
scenes/ui/PlakoroContentStudioUI.tscn,376,text,pokemon_type,player/editor UI,"text = ""pokemon_type"""
scenes/ui/PlakoroContentStudioUI.tscn,387,text,max_hp,player/editor UI,"text = ""max_hp"""
scenes/ui/PlakoroContentStudioUI.tscn,408,text,Charakoro PNG,player/editor UI,"text = ""Charakoro PNG"""
scenes/ui/PlakoroContentStudioUI.tscn,422,text,No PNG,player/editor UI,"text = ""No PNG"""
scenes/ui/PlakoroContentStudioUI.tscn,434,text,Battle Weakness,player/editor UI,"text = ""Battle Weakness"""
scenes/ui/PlakoroContentStudioUI.tscn,442,text,attack_type,player/editor UI,"text = ""attack_type"""
scenes/ui/PlakoroContentStudioUI.tscn,451,text,bonus_damage,player/editor UI,"text = ""bonus_damage"""
scenes/ui/PlakoroContentStudioUI.tscn,471,text,Charakoro Profile,player/editor UI,"text = ""Charakoro Profile"""
scenes/ui/PlakoroContentStudioUI.tscn,483,text,Profile source: res://database/kyokoro_profiles/,player/editor UI,"text = ""Profile source: res://database/kyokoro_profiles/"""
scenes/ui/PlakoroContentStudioUI.tscn,488,text,Open Charakoro Profile,player/editor UI,"text = ""Open Charakoro Profile"""
scenes/ui/PlakoroContentStudioUI.tscn,489,tooltip_text,Open this profile in Charakoro Profile Editor.,player/editor UI,"tooltip_text = ""Open this profile in Charakoro Profile Editor."""
scenes/ui/PlakoroContentStudioUI.tscn,501,text,Default Enerkoro,player/editor UI,"text = ""Default Enerkoro"""
scenes/ui/PlakoroContentStudioUI.tscn,506,text,"Species default used when Battle Preparation selects Pokémon Default. If missing, Save Pokémon automatically generates a valid default from the Pokémon type.",player/editor UI,"text = ""Species default used when Battle Preparation selects Pokémon Default. If missing, Save Pokémon automatically generates a valid default from the Pokémon type."""
scenes/ui/PlakoroContentStudioUI.tscn,517,text,Default Dice: Missing,player/editor UI,"text = ""Default Dice: Missing"""
scenes/ui/PlakoroContentStudioUI.tscn,523,text,Edit Default Dice,player/editor UI,"text = ""Edit Default Dice"""
scenes/ui/PlakoroContentStudioUI.tscn,529,text,Regenerate Default Dice,player/editor UI,"text = ""Regenerate Default Dice"""
scenes/ui/PlakoroContentStudioUI.tscn,541,text,Move Loadout,player/editor UI,"text = ""Move Loadout"""
scenes/ui/PlakoroContentStudioUI.tscn,561,text,Add →,player/editor UI,"text = ""Add →"""
scenes/ui/PlakoroContentStudioUI.tscn,566,text,← Remove,player/editor UI,"text = ""← Remove"""
scenes/ui/PlakoroContentStudioUI.tscn,577,text,Open Selected Move,player/editor UI,"text = ""Open Selected Move"""
scenes/ui/PlakoroContentStudioUI.tscn,578,tooltip_text,Open the selected Move in Move Editor.,player/editor UI,"tooltip_text = ""Open the selected Move in Move Editor."""
scenes/ui/PlakoroContentStudioUI.tscn,595,text,Profile settings control how this Charakoro behaves when rolled.,player/editor UI,"text = ""Profile settings control how this Charakoro behaves when rolled."""
scenes/ui/PlakoroContentStudioUI.tscn,612,text,id,player/editor UI,"text = ""id"""
scenes/ui/PlakoroContentStudioUI.tscn,624,text,roll_mode,player/editor UI,"text = ""roll_mode"""
scenes/ui/PlakoroContentStudioUI.tscn,635,text,scene_path,player/editor UI,"text = ""scene_path"""
scenes/ui/PlakoroContentStudioUI.tscn,654,text,Landing Orientation Weights,player/editor UI,"text = ""Landing Orientation Weights"""
scenes/ui/PlakoroContentStudioUI.tscn,659,text,Edit the six Charakoro orientation weights. Probability is normalized automatically.,player/editor UI,"text = ""Edit the six Charakoro orientation weights. Probability is normalized automatically."""
scenes/ui/PlakoroContentStudioUI.tscn,674,text,Total Weight: 6.0,player/editor UI,"text = ""Total Weight: 6.0"""
scenes/ui/PlakoroContentStudioUI.tscn,686,text,Used by Pokémon,player/editor UI,"text = ""Used by Pokémon"""
scenes/ui/PlakoroContentStudioUI.tscn,691,text,Pokémon currently using this Charakoro Profile.,player/editor UI,"text = ""Pokémon currently using this Charakoro Profile."""
scenes/ui/PlakoroContentStudioUI.tscn,701,text,Used by 0 Pokémon.,player/editor UI,"text = ""Used by 0 Pokémon."""
scenes/ui/PlakoroContentStudioUI.tscn,710,text,Physics profile is preserved automatically when this profile is saved.,player/editor UI,"text = ""Physics profile is preserved automatically when this profile is saved."""
scenes/ui/PlakoroContentStudioUI.tscn,727,text,Runtime Effects: Supported,player/editor UI,"text = ""Runtime Effects: Supported"""
scenes/ui/PlakoroContentStudioUI.tscn,736,text,Move Card V2: schema_version / id / move_name_id / owner_id / display_name / move_category / attack_type / energy_cost[] / printed_damage / base_actions[] / outcome_rules[] / resolution / source / review,player/editor UI,"text = ""Move Card V2: schema_version / id / move_name_id / owner_id / display_name / move_category / attack_type / energy_cost[] / printed_damage / base_actions[] / outcome_rules[] / resolution / source / review"""
scenes/ui/PlakoroContentStudioUI.tscn,748,text,Basic Information,player/editor UI,"text = ""Basic Information"""
scenes/ui/PlakoroContentStudioUI.tscn,762,text,id,player/editor UI,"text = ""id"""
scenes/ui/PlakoroContentStudioUI.tscn,774,text,move_name_id,player/editor UI,"text = ""move_name_id"""
scenes/ui/PlakoroContentStudioUI.tscn,786,text,owner_id,player/editor UI,"text = ""owner_id"""
scenes/ui/PlakoroContentStudioUI.tscn,798,text,display_name,player/editor UI,"text = ""display_name"""
scenes/ui/PlakoroContentStudioUI.tscn,810,text,move_category,player/editor UI,"text = ""move_category"""
scenes/ui/PlakoroContentStudioUI.tscn,821,text,attack_type,player/editor UI,"text = ""attack_type"""
scenes/ui/PlakoroContentStudioUI.tscn,832,text,printed_damage,player/editor UI,"text = ""printed_damage"""
scenes/ui/PlakoroContentStudioUI.tscn,849,text,None / null,player/editor UI,"text = ""None / null"""
scenes/ui/PlakoroContentStudioUI.tscn,861,text,Gameplay & Effects,player/editor UI,"text = ""Gameplay & Effects"""
scenes/ui/PlakoroContentStudioUI.tscn,871,text,energy_cost[],player/editor UI,"text = ""energy_cost[]"""
scenes/ui/PlakoroContentStudioUI.tscn,877,text,+ Attack Type,player/editor UI,"text = ""+ Attack Type"""
scenes/ui/PlakoroContentStudioUI.tscn,883,text,Clear,player/editor UI,"text = ""Clear"""
scenes/ui/PlakoroContentStudioUI.tscn,889,text,+ Add Energy,player/editor UI,"text = ""+ Add Energy"""
scenes/ui/PlakoroContentStudioUI.tscn,899,text,Visual Cost Preview,player/editor UI,"text = ""Visual Cost Preview"""
scenes/ui/PlakoroContentStudioUI.tscn,911,text,Total Energy Required: 0,player/editor UI,"text = ""Total Energy Required: 0"""
scenes/ui/PlakoroContentStudioUI.tscn,921,text,base_actions[],player/editor UI,"text = ""base_actions[]"""
scenes/ui/PlakoroContentStudioUI.tscn,927,text,+ Add Action,player/editor UI,"text = ""+ Add Action"""
scenes/ui/PlakoroContentStudioUI.tscn,943,text,outcome_rules[],player/editor UI,"text = ""outcome_rules[]"""
scenes/ui/PlakoroContentStudioUI.tscn,949,text,+ Add Outcome Rule,player/editor UI,"text = ""+ Add Outcome Rule"""
scenes/ui/PlakoroContentStudioUI.tscn,960,text,10.1c supports the current runtime opcodes damage.create and incoming_damage.modify. Unknown existing opcodes load as Custom JSON so they are not lost.,player/editor UI,"text = ""10.1c supports the current runtime opcodes damage.create and incoming_damage.modify. Unknown existing opcodes load as Custom JSON so they are not lost."""
scenes/ui/PlakoroContentStudioUI.tscn,969,text,base_actions: 0,player/editor UI,"text = ""base_actions: 0"""
scenes/ui/PlakoroContentStudioUI.tscn,974,text,outcome_rules: 0,player/editor UI,"text = ""outcome_rules: 0"""
scenes/ui/PlakoroContentStudioUI.tscn,987,text,Advanced Data,player/editor UI,"text = ""Advanced Data"""
scenes/ui/PlakoroContentStudioUI.tscn,992,text,Shows special_effects / resolution / source / review exactly as stored. outcome_rules above are the authoritative normal Charakoro effects. special_effects may contain legacy mirrors plus structural mechanics such as multi-roll/repeat/opponent-roll.,player/editor UI,"text = ""Shows special_effects / resolution / source / review exactly as stored. outcome_rules above are the authoritative normal Charakoro effects. special_effects may contain legacy mirrors plus structural mechanics such as multi-roll/repe"
scenes/ui/PlakoroContentStudioUI.tscn,1012,text,Pokémon Assignment,player/editor UI,"text = ""Pokémon Assignment"""
scenes/ui/PlakoroContentStudioUI.tscn,1017,text,Only Pokémon whose species_id matches this Move owner_id are assignable. Checked Pokémon receive the Move ID in available_move_card_ids[].,player/editor UI,"text = ""Only Pokémon whose species_id matches this Move owner_id are assignable. Checked Pokémon receive the Move ID in available_move_card_ids[]."""
scenes/ui/PlakoroContentStudioUI.tscn,1034,text,Referenced by 0 Pokémon.,player/editor UI,"text = ""Referenced by 0 Pokémon."""
scenes/ui/PlakoroContentStudioUI.tscn,1046,text,Preview,player/editor UI,"text = ""Preview"""
scenes/ui/PlakoroContentStudioUI.tscn,1051,text,Live presentation preview. This does not change the Move Card JSON schema.,player/editor UI,"text = ""Live presentation preview. This does not change the Move Card JSON schema."""
scenes/ui/PlakoroContentStudioUI.tscn,1073,text,Unnamed Move,player/editor UI,"text = ""Unnamed Move"""
scenes/ui/PlakoroContentStudioUI.tscn,1078,text,Normal • Attack,player/editor UI,"text = ""Normal • Attack"""
scenes/ui/PlakoroContentStudioUI.tscn,1084,text,Damage: —,player/editor UI,"text = ""Damage: —"""
scenes/ui/PlakoroContentStudioUI.tscn,1088,text,Energy Cost,player/editor UI,"text = ""Energy Cost"""
scenes/ui/PlakoroContentStudioUI.tscn,1099,text,Effects,player/editor UI,"text = ""Effects"""
scenes/ui/PlakoroContentStudioUI.tscn,1118,text,Technical JSON Preview,player/editor UI,"text = ""Technical JSON Preview"""
scenes/ui/PlakoroContentStudioUI.tscn,1132,text,Saved,player/editor UI,"text = ""Saved"""
scenes/ui/PlakoroContentStudioUI.tscn,1148,text,Ready — select content or create a new entry.,player/editor UI,"text = ""Ready — select content or create a new entry."""
scenes/ui/PlakoroContentStudioUI.tscn,1158,text,Milestone 12.8g — Full Creation Workflow Regression,player/editor UI,"text = ""Milestone 12.8g — Full Creation Workflow Regression"""
scenes/ui/PlakoroContentStudioUI.tscn,1163,text,Save,player/editor UI,"text = ""Save"""
scenes/ui/PlakoroContentStudioUI.tscn,1167,title,Unsaved Changes,player/editor UI,"title = ""Unsaved Changes"""
scenes/ui/PlakoroContentStudioUI.tscn,1173,ok_button_text,Save Changes,player/editor UI,"ok_button_text = ""Save Changes"""
scenes/ui/PlakoroContentStudioUI.tscn,1174,cancel_button_text,Cancel,player/editor UI,"cancel_button_text = ""Cancel"""
scenes/ui/PlakoroContentStudioUI.tscn,1180,text,You have unsaved changes. Save them before continuing?,player/editor UI,"text = ""You have unsaved changes. Save them before continuing?"""
scenes/ui/PlakoroContentStudioUI.tscn,1184,title,Restore Built-in Content?,player/editor UI,"title = ""Restore Built-in Content?"""
scenes/ui/PlakoroContentStudioUI.tscn,1190,ok_button_text,Restore Built-in,player/editor UI,"ok_button_text = ""Restore Built-in"""
scenes/ui/PlakoroContentStudioUI.tscn,1191,cancel_button_text,Cancel,player/editor UI,"cancel_button_text = ""Cancel"""
scenes/ui/PlakoroContentStudioUI.tscn,1197,text,The user override will be removed. The built-in content will remain unchanged.,player/editor UI,"text = ""The user override will be removed. The built-in content will remain unchanged."""
scenes/ui/PlakoroContentStudioUI.tscn,1201,title,Delete Content?,player/editor UI,"title = ""Delete Content?"""
scenes/ui/PlakoroContentStudioUI.tscn,1207,ok_button_text,Delete,player/editor UI,"ok_button_text = ""Delete"""
scenes/ui/PlakoroContentStudioUI.tscn,1208,cancel_button_text,Cancel,player/editor UI,"cancel_button_text = ""Cancel"""
scenes/ui/PlakoroContentStudioUI.tscn,1214,text,Select a database entry.,player/editor UI,"text = ""Select a database entry."""
scenes/ui/PlakoroContentStudioUI.tscn,1218,title,Regenerate Default Enerkoro?,player/editor UI,"title = ""Regenerate Default Enerkoro?"""
scenes/ui/PlakoroContentStudioUI.tscn,1224,ok_button_text,Regenerate,player/editor UI,"ok_button_text = ""Regenerate"""
scenes/ui/PlakoroContentStudioUI.tscn,1225,cancel_button_text,Cancel,player/editor UI,"cancel_button_text = ""Cancel"""
scenes/ui/PlakoroContentStudioUI.tscn,1231,text,This will replace the Pokémon Default Dice file.,player/editor UI,"text = ""This will replace the Pokémon Default Dice file."""
scenes/ui/PlakoroContentStudioUI.tscn,1235,title,Database Integrity,player/editor UI,"title = ""Database Integrity"""
scenes/ui/PlakoroContentStudioUI.tscn,1238,ok_button_text,Close,player/editor UI,"ok_button_text = ""Close"""
scenes/ui/components/StatusBadge.tscn,12,text,Status,review,"text = ""Status"""
scenes/ui/components/LanguageSelector.tscn,14,tooltip_text,Language,review,"tooltip_text = ""Language"""
scenes/ui/components/HeroPlakoroCard.tscn,21,text,Plakoro,review,"text = ""Plakoro"""
scenes/ui/components/HeroPlakoroCard.tscn,27,text,HP —,review,"text = ""HP —"""
scenes/ui/components/HeroPlakoroCard.tscn,36,text,pokemon_id,review,"text = ""pokemon_id"""
scenes/ui/components/HeroPlakoroCard.tscn,41,text,Type: —,review,"text = ""Type: —"""
scenes/ui/components/HeroPlakoroCard.tscn,51,text,Enerkoro,review,"text = ""Enerkoro"""
scenes/ui/components/HeroPlakoroCard.tscn,61,text,Presentation: placeholder,review,"text = ""Presentation: placeholder"""
scenes/ui/components/SectionCard.tscn,17,text,Section,review,"text = ""Section"""
scripts/ui/PlakoroContentStudioUI.gd,233,script_assignment,Discard unsaved changes and continue.,player/editor UI,"discard_button.tooltip_text = ""Discard unsaved changes and continue."""
scripts/ui/PlakoroContentStudioUI.gd,715,script_assignment,Could not prepare Default Dice editor.,player/editor UI,"validation_label.text = ""Could not prepare Default Dice editor."""
scripts/ui/PlakoroContentStudioUI.gd,803,script_assignment,Saved,player/editor UI,"unsaved_status_label.text = ""Saved"""
scripts/ui/PlakoroContentStudioUI.gd,1224,script_assignment,Weight,player/editor UI,"weight_label.text = ""Weight"""
scripts/ui/PlakoroContentStudioUI.gd,1242,script_assignment,16.7%,player/editor UI,"probability.text = ""16.7%"""
scripts/ui/PlakoroContentStudioUI.gd,1333,script_assignment,Select content to duplicate first.,player/editor UI,"validation_label.text = ""Select content to duplicate first."""
scripts/ui/PlakoroContentStudioUI.gd,1347,script_assignment,"Duplicate was created, but could not be loaded.",player/editor UI,"validation_label.text = ""Duplicate was created, but could not be loaded."""
scripts/ui/PlakoroContentStudioUI.gd,1443,script_assignment,Source: ,player/editor UI,"library_source_status.text = ""Source: "" + label"
scripts/ui/PlakoroContentStudioUI.gd,1449,script_assignment,Save as User Override,player/editor UI,"save_button.text = ""Save as User Override"""
scripts/ui/PlakoroContentStudioUI.gd,1450,script_assignment,Built-in,player/editor UI,"delete_button.text = ""Built-in"""
scripts/ui/PlakoroContentStudioUI.gd,1456,script_assignment,Save Changes,player/editor UI,"save_button.text = ""Save Changes"""
scripts/ui/PlakoroContentStudioUI.gd,1457,script_assignment,Remove Override,player/editor UI,"delete_button.text = ""Remove Override"""
scripts/ui/PlakoroContentStudioUI.gd,1463,script_assignment,Save Changes,player/editor UI,"save_button.text = ""Save Changes"""
scripts/ui/PlakoroContentStudioUI.gd,1464,script_assignment,Delete,player/editor UI,"delete_button.text = ""Delete"""
scripts/ui/PlakoroContentStudioUI.gd,1466,script_assignment,Delete this user-created content.,player/editor UI,"delete_button.tooltip_text = ""Delete this user-created content."""
scripts/ui/PlakoroContentStudioUI.gd,1468,script_assignment,Create Content,player/editor UI,"save_button.text = ""Create Content"""
scripts/ui/PlakoroContentStudioUI.gd,1469,script_assignment,Delete,player/editor UI,"delete_button.text = ""Delete"""
scripts/ui/PlakoroContentStudioUI.gd,1471,script_assignment,Save this new content before it can be deleted.,player/editor UI,"delete_button.tooltip_text = ""Save this new content before it can be deleted."""
scripts/ui/PlakoroContentStudioUI.gd,1480,script_assignment,Select a modified built-in entry first.,player/editor UI,"validation_label.text = ""Select a modified built-in entry first."""
scripts/ui/PlakoroContentStudioUI.gd,1485,script_assignment,This entry does not have a user override to restore.,player/editor UI,"validation_label.text = ""This entry does not have a user override to restore."""
scripts/ui/PlakoroContentStudioUI.gd,1511,script_assignment,Restore target is unavailable.,player/editor UI,"validation_label.text = ""Restore target is unavailable."""
scripts/ui/PlakoroContentStudioUI.gd,1534,script_assignment,Restored built-in content. Your user override was removed.,player/editor UI,"validation_label.text = ""Restored built-in content. Your user override was removed."""
scripts/ui/PlakoroContentStudioUI.gd,1540,script_assignment,Select a content entry first.,player/editor UI,"validation_label.text = ""Select a content entry first."""
scripts/ui/PlakoroContentStudioUI.gd,1565,script_assignment,Remove User Override?,player/editor UI,"delete_dialog.title = ""Remove User Override?"""
scripts/ui/PlakoroContentStudioUI.gd,1614,script_assignment,Delete User Content?,player/editor UI,"delete_dialog.title = ""Delete User Content?"""
scripts/ui/PlakoroContentStudioUI.gd,1616,script_assignment,\n,player/editor UI,"delete_message_label.text = ""\n"".join(message_lines)"
scripts/ui/PlakoroContentStudioUI.gd,1633,script_assignment,Delete target is unavailable.,player/editor UI,"validation_label.text = ""Delete target is unavailable."""
scripts/ui/PlakoroContentStudioUI.gd,1669,script_assignment,User-created content deleted.,player/editor UI,"validation_label.text = ""User-created content deleted."""
scripts/ui/PlakoroContentStudioUI.gd,1948,script_assignment,Saved as User Content.,player/editor UI,"validation_label.text = ""Saved as User Content."""
scripts/ui/PlakoroContentStudioUI.gd,2607,script_assignment,No Energy Cost,player/editor UI,"empty_label.text = ""No Energy Cost"""
scripts/ui/PlakoroContentStudioUI.gd,2866,script_assignment,Save or load a Charakoro Profile to see references.,player/editor UI,"profile_reference_status.text = ""Save or load a Charakoro Profile to see references."""
scripts/ui/PlakoroContentStudioUI.gd,2890,script_assignment,Open,player/editor UI,"open_button.text = ""Open"""
scripts/ui/PlakoroContentStudioUI.gd,2891,script_assignment,Open this Pokémon in Pokémon Editor.,player/editor UI,"open_button.tooltip_text = ""Open this Pokémon in Pokémon Editor."""
scripts/ui/PlakoroContentStudioUI.gd,2901,script_assignment,Used by ,player/editor UI,"profile_reference_status.text = ""Used by "" + str(count) + "" Pokémon."""
scripts/ui/PlakoroContentStudioUI.gd,2946,script_assignment,Open,player/editor UI,"open_button.text = ""Open"""
scripts/ui/PlakoroContentStudioUI.gd,2947,script_assignment,Open this Pokémon in Pokémon Editor.,player/editor UI,"open_button.tooltip_text = ""Open this Pokémon in Pokémon Editor."""
scripts/ui/PlakoroContentStudioUI.gd,3116,script_assignment,No Energy Cost,player/editor UI,"free_label.text = ""No Energy Cost"""
scripts/ui/PlakoroContentStudioUI.gd,3291,script_assignment,• ,player/editor UI,"label.text = ""• "" + text"
scripts/ui/PlakoroContentStudioUI.gd,3586,script_assignment,Navigation target is unavailable.,player/editor UI,"validation_label.text = ""Navigation target is unavailable."""
scripts/ui/PlakoroContentStudioUI.gd,3597,script_assignment,Pokémon could not be loaded: ,player/editor UI,"validation_label.text = ""Pokémon could not be loaded: "" + safe_id"
scripts/ui/PlakoroContentStudioUI.gd,3603,script_assignment,Charakoro Profile could not be loaded: ,player/editor UI,"validation_label.text = ""Charakoro Profile could not be loaded: "" + safe_id"
scripts/ui/PlakoroContentStudioUI.gd,3609,script_assignment,Move could not be loaded: ,player/editor UI,"validation_label.text = ""Move could not be loaded: "" + safe_id"
scripts/ui/PlakoroContentStudioUI.gd,3615,script_assignment,Opened ,player/editor UI,"validation_label.text = ""Opened "" + _content_kind_label() + "": "" + safe_id"
scripts/ui/PlakoroContentStudioUI.gd,3621,script_assignment,Select a Move from the Pokémon Move Loadout first.,player/editor UI,"validation_label.text = ""Select a Move from the Pokémon Move Loadout first."""
scripts/ui/PlakoroContentStudioUI.gd,3629,script_assignment,No Charakoro Profile is selected.,player/editor UI,"validation_label.text = ""No Charakoro Profile is selected."""
scripts/ui/PlakoroContentStudioUI.gd,3692,script_assignment,No Pokémon ID selected.,player/editor UI,"pokemon_charakoro_preview_status.text = ""No Pokémon ID selected."""
scripts/ui/PlakoroContentStudioUI.gd,3786,script_assignment,Create New Pokémon,player/editor UI,"new_content_guide_title.text = ""Create New Pokémon"""
scripts/ui/PlakoroContentStudioUI.gd,3804,script_assignment,Create New Charakoro Profile,player/editor UI,"new_content_guide_title.text = ""Create New Charakoro Profile"""
scripts/ui/PlakoroContentStudioUI.gd,3819,script_assignment,Create New Move,player/editor UI,"new_content_guide_title.text = ""Create New Move"""
scripts/ui/PlakoroContentStudioUI.gd,3839,script_assignment,\n,player/editor UI,"new_content_guide_checklist.text = ""\n"".join(lines)"
scripts/ui/PlakoroContentStudioUI.gd,3956,script_assignment,\n,player/editor UI,"authoring_dependency_summary.text = ""\n"".join(summary_lines)"
scripts/ui/BattleGameUI.gd,301,script_assignment,Database load failed.,player/editor UI,"message_label.text = ""Database load failed."""
scripts/ui/BattleGameUI.gd,423,script_assignment,Original Layout,player/editor UI,"layout_prototype_button.text = ""Original Layout"""
scripts/ui/BattleGameUI.gd,462,script_assignment,Test Layout,player/editor UI,"layout_prototype_button.text = ""Test Layout"""
scripts/ui/BattleGameUI.gd,1030,script_assignment,Player loadout load failed.,player/editor UI,"message_label.text = ""Player loadout load failed."""
scripts/ui/BattleGameUI.gd,1034,script_assignment,AI loadout load failed.,player/editor UI,"message_label.text = ""AI loadout load failed."""
scripts/ui/BattleGameUI.gd,1486,script_assignment,Dice roll failed.,player/editor UI,"message_label.text = ""Dice roll failed."""
scripts/ui/BattleGameUI.gd,1793,script_assignment,AI turn failed.,player/editor UI,"message_label.text = ""AI turn failed."""
scripts/ui/BattleGameUI.gd,1921,script_assignment,AI turn failed.,player/editor UI,"message_label.text = ""AI turn failed."""
scripts/ui/BattleGameUI.gd,2176,script_assignment,\n,player/editor UI,"prototype_battle_message_label.text = ""\n"".join(lines)"
scripts/ui/BattleGameUI.gd,2536,script_assignment,Type: —,player/editor UI,"player_type_label.text = ""Type: —"""
scripts/ui/BattleGameUI.gd,2537,script_assignment,Type: —,player/editor UI,"enemy_type_label.text = ""Type: —"""
scripts/ui/BattleGameUI.gd,2538,script_assignment,Weakness: —,player/editor UI,"player_weakness_label.text = ""Weakness: —"""
scripts/ui/BattleGameUI.gd,2539,script_assignment,Weakness: —,player/editor UI,"enemy_weakness_label.text = ""Weakness: —"""
scripts/ui/BattlePreparationUI.gd,594,script_assignment,Select Player Pokémon.,player/editor UI,"setup_player_dice_status.text = ""Select Player Pokémon."""
scripts/ui/BattlePreparationUI.gd,1712,script_assignment,Type: —,player/editor UI,"pokemon_type_label.text = ""Type: —"""
scripts/ui/BattlePreparationUI.gd,1713,script_assignment,HP: —,player/editor UI,"pokemon_hp_label.text = ""HP: —"""
scripts/ui/BattlePreparationUI.gd,1714,script_assignment,Weakness: —,player/editor UI,"pokemon_weakness_label.text = ""Weakness: —"""
scripts/ui/BattlePreparationUI.gd,2027,script_assignment,No Enerkoro setup.,player/editor UI,"missing.text = ""No Enerkoro setup."""
scripts/ui/BattlePreparationUI.gd,2108,script_assignment,☆☆☆☆☆  No Analysis,player/editor UI,"overall_rating_label.text = ""☆☆☆☆☆  No Analysis"""
scripts/ui/BattlePreparationUI.gd,2109,script_assignment,Overall coverage: —,player/editor UI,"overall_probability_label.text = ""Overall coverage: —"""
scripts/ui/BattlePreparationUI.gd,2110,script_assignment,Energy Usage\n—,player/editor UI,"energy_usage_label.text = ""Energy Usage\n—"""
scripts/ui/BattlePreparationUI.gd,2111,script_assignment,Loadout Status: Unavailable,player/editor UI,"loadout_status_label.text = ""Loadout Status: Unavailable"""
scripts/ui/BattlePreparationUI.gd,2119,script_assignment,☆☆☆☆☆  No Dice Setup,player/editor UI,"overall_rating_label.text = ""☆☆☆☆☆  No Dice Setup"""
scripts/ui/BattlePreparationUI.gd,2120,script_assignment,Overall coverage: —,player/editor UI,"overall_probability_label.text = ""Overall coverage: —"""
scripts/ui/BattlePreparationUI.gd,2121,script_assignment,Energy Usage\n—,player/editor UI,"energy_usage_label.text = ""Energy Usage\n—"""
scripts/ui/BattlePreparationUI.gd,2122,script_assignment,Loadout Status: Saved,player/editor UI,"loadout_status_label.text = ""Loadout Status: Saved"""
scripts/ui/BattlePreparationUI.gd,2292,script_assignment,Unknown Opponent,player/editor UI,"opponent_name_label.text = ""Unknown Opponent"""
scripts/ui/BattlePreparationUI.gd,2293,script_assignment,No AI loadout.,player/editor UI,"opponent_loadout_label.text = ""No AI loadout."""
scripts/ui/BattlePreparationUI.gd,2295,script_assignment,Weakness: —,player/editor UI,"opponent_weakness_label.text = ""Weakness: —"""
scripts/ui/GlobalQuitConfirmation.gd,10,script_assignment,Exit Plakoro?,review,"confirmation.title = ""Exit Plakoro?"""
scripts/ui/EnergyDiceVisualBuilderUI.gd,279,script_assignment,Could not prepare writable Enerkoro path.,player/editor UI,"validation_label.text = ""Could not prepare writable Enerkoro path."""
scripts/ui/EnergyDiceVisualBuilderUI.gd,831,script_assignment,✓ Valid,player/editor UI,"top_validation_label.text = ""✓ Valid"""
scripts/ui/EnergyDiceVisualBuilderUI.gd,844,script_assignment,✕ Invalid,player/editor UI,"top_validation_label.text = ""✕ Invalid"""
scripts/ui/EnergyDiceVisualBuilderUI.gd,900,script_assignment,\n,player/editor UI,"probability_label.text = ""\n"".join("
scripts/ui/MoveBuilderUI.gd,131,script_assignment,Database load failed.,review,"status_label.text = ""Database load failed."""
scripts/ui/MoveBuilderUI.gd,269,script_assignment,Move draft could not be loaded.,review,"status_label.text = ""Move draft could not be loaded."""
scripts/ui/MoveBuilderUI.gd,508,script_assignment,Selected,review,"button.text = ""Selected"""
scripts/ui/MoveBuilderUI.gd,514,script_assignment,Same Move,review,"button.text = ""Same Move"""
scripts/ui/MoveBuilderUI.gd,523,script_assignment,Add,review,"button.text = ""Add"""
scripts/ui/MoveBuilderUI.gd,531,script_assignment,Add,review,"button.text = ""Add"""
scripts/ui/MoveBuilderUI.gd,615,script_assignment,Remove,review,"remove_button.text = ""Remove"""
scripts/ui/MoveBuilderUI.gd,697,script_assignment,☆☆☆☆☆  No Dice Setup,review,"overall_rating_label.text = ""☆☆☆☆☆  No Dice Setup"""
scripts/ui/MoveBuilderUI.gd,698,script_assignment,Overall coverage: —,review,"overall_probability_label.text = ""Overall coverage: —"""
scripts/ui/MoveBuilderUI.gd,699,script_assignment,Energy Usage\n—,review,"energy_usage_label.text = ""Energy Usage\n—"""
scripts/ui/MoveBuilderUI.gd,904,script_assignment,Draft auto-save failed.,review,"status_label.text = ""Draft auto-save failed."""
scripts/ui/MoveBuilderUI.gd,914,script_assignment,Draft matches saved loadout.,review,"diff_label.text = ""Draft matches saved loadout."""
scripts/ui/MoveBuilderUI.gd,942,script_assignment,\n,review,"diff_label.text = ""\n"".join(lines)"
scripts/ui/MoveBuilderUI.gd,948,script_assignment,Move draft is missing.,review,"status_label.text = ""Move draft is missing."""
scripts/ui/MoveBuilderUI.gd,1015,script_assignment,Could not discard draft.,review,"status_label.text = ""Could not discard draft."""
scripts/ui/MoveBuilderUI.gd,1023,script_assignment,Could not restore saved loadout.,review,"status_label.text = ""Could not restore saved loadout."""
scripts/ui/EnergyDiceSetupView.gd,47,script_assignment,Database load failed.,review,"validation_label.text = ""Database load failed."""
scripts/ui/EnergyDiceSetupView.gd,63,script_assignment,Setup load failed.,review,"validation_label.text = ""Setup load failed."""
scripts/model_weight/ModelWeightGeneratorPanel.gd,254,script_assignment,Orthographic • Opaque,player/editor UI,"view_info.text = ""Orthographic • Opaque"""
scripts/model_weight/ModelWeightGeneratorPanel.gd,268,script_assignment,X +90°,player/editor UI,"rx.text = ""X +90°"""
scripts/model_weight/ModelWeightGeneratorPanel.gd,276,script_assignment,Y +90°,player/editor UI,"ry.text = ""Y +90°"""
scripts/model_weight/ModelWeightGeneratorPanel.gd,284,script_assignment,Z +90°,player/editor UI,"rz.text = ""Z +90°"""
scripts/model_weight/ModelWeightGeneratorPanel.gd,366,script_assignment,squirtle,player/editor UI,"id_edit.placeholder_text = ""squirtle"""
scripts/model_weight/ModelWeightGeneratorPanel.gd,377,script_assignment,squirtle_model_custom.json,player/editor UI,"output_name_edit.placeholder_text = ""squirtle_model_custom.json"""
scripts/model_weight/ModelWeightGeneratorPanel.gd,479,script_assignment,Status: import a model and confirm orientation,player/editor UI,"ready_state_label.text = ""Status: import a model and confirm orientation"""
scripts/model_weight/ModelWeightGeneratorPanel.gd,776,script_assignment,[color=#BFC3C9]Model information unavailable.[/color],player/editor UI,"model_info_label.text = ""[color=#BFC3C9]Model information unavailable.[/color]"""
scripts/model_weight/ModelWeightGeneratorPanel.gd,828,script_assignment,[color=#BFC3C9]Analyzing model...[/color],player/editor UI,"model_info_label.text = ""[color=#BFC3C9]Analyzing model...[/color]"""
scripts/model_weight/ModelWeightGeneratorPanel.gd,837,script_assignment,Orientation: not confirmed,player/editor UI,"orientation_state.text = ""Orientation: not confirmed"""
scripts/model_weight/ModelWeightGeneratorPanel.gd,838,script_assignment,Model: importing...,player/editor UI,"import_state_label.text = ""Model: importing..."""
scripts/model_weight/ModelWeightGeneratorPanel.gd,839,script_assignment,Status: importing model...,player/editor UI,"ready_state_label.text = ""Status: importing model..."""
scripts/model_weight/ModelWeightGeneratorPanel.gd,844,script_assignment,Importing model...,player/editor UI,"status.text = ""Importing model..."""
scripts/model_weight/ModelWeightGeneratorPanel.gd,850,script_assignment,"Import failed. Supported formats: STL, OBJ, GLB, GLTF.",player/editor UI,"status.text = ""Import failed. Supported formats: STL, OBJ, GLB, GLTF."""
scripts/model_weight/ModelWeightGeneratorPanel.gd,851,script_assignment,Model: import failed,player/editor UI,"import_state_label.text = ""Model: import failed"""
scripts/model_weight/ModelWeightGeneratorPanel.gd,852,script_assignment,[color=#E07070]Model analysis unavailable because import failed.[/color],player/editor UI,"model_info_label.text = ""[color=#E07070]Model analysis unavailable because import failed.[/color]"""
scripts/model_weight/ModelWeightGeneratorPanel.gd,853,script_assignment,Status: model import failed,player/editor UI,"ready_state_label.text = ""Status: model import failed"""
scripts/model_weight/ModelWeightGeneratorPanel.gd,864,script_assignment,Model: imported ✓,player/editor UI,"import_state_label.text = ""Model: imported ✓"""
scripts/model_weight/ModelWeightGeneratorPanel.gd,866,script_assignment,Model: imported with mesh warning ⚠,player/editor UI,"import_state_label.text = ""Model: imported with mesh warning ⚠"""
scripts/model_weight/ModelWeightGeneratorPanel.gd,868,script_assignment,Status: confirm orientation,player/editor UI,"ready_state_label.text = ""Status: confirm orientation"""
scripts/model_weight/ModelWeightGeneratorPanel.gd,869,script_assignment,Imported. Confirm model orientation before generating.,player/editor UI,"status.text = ""Imported. Confirm model orientation before generating."""
scripts/model_weight/ModelWeightGeneratorPanel.gd,1030,script_assignment,Orientation: changed — confirm again,player/editor UI,"orientation_state.text = ""Orientation: changed — confirm again"""
scripts/model_weight/ModelWeightGeneratorPanel.gd,1031,script_assignment,Status: orientation changed — confirm again,player/editor UI,"ready_state_label.text = ""Status: orientation changed — confirm again"""
scripts/model_weight/ModelWeightGeneratorPanel.gd,1040,script_assignment,Orientation: confirmed ✓,player/editor UI,"orientation_state.text = ""Orientation: confirmed ✓"""
scripts/model_weight/ModelWeightGeneratorPanel.gd,1041,script_assignment,Status: ready to generate ✓,player/editor UI,"ready_state_label.text = ""Status: ready to generate ✓"""
scripts/model_weight/ModelWeightGeneratorPanel.gd,1043,script_assignment,Orientation confirmed. Ready to generate.,player/editor UI,"status.text = ""Orientation confirmed. Ready to generate."""
scripts/model_weight/ModelWeightGeneratorPanel.gd,1120,script_assignment,"Quick: 500 throws, 64 parallel bodies, fast settle thresholds.",player/editor UI,"mode_note.text = ""Quick: 500 throws, 64 parallel bodies, fast settle thresholds."""
scripts/model_weight/ModelWeightGeneratorPanel.gd,1123,script_assignment,"Normal: 2,000 max throws, 64 parallel bodies, adaptive early-stop.",player/editor UI,"mode_note.text = ""Normal: 2,000 max throws, 64 parallel bodies, adaptive early-stop."""
scripts/model_weight/ModelWeightGeneratorPanel.gd,1126,script_assignment,"Accurate: 10,000 max throws, 64 parallel bodies, stricter settle + convergence.",player/editor UI,"mode_note.text = ""Accurate: 10,000 max throws, 64 parallel bodies, stricter settle + convergence."""
scripts/model_weight/ModelWeightGeneratorPanel.gd,1302,script_assignment,Confirm orientation first.,player/editor UI,"status.text = ""Confirm orientation first."""
scripts/model_weight/ModelWeightGeneratorPanel.gd,1311,script_assignment,Pokémon ID is required.,player/editor UI,"status.text = ""Pokémon ID is required."""
scripts/model_weight/ModelWeightGeneratorPanel.gd,1322,script_assignment,Could not build canonical simulation mesh.,player/editor UI,"status.text = ""Could not build canonical simulation mesh."""
scripts/model_weight/ModelWeightGeneratorPanel.gd,1328,script_assignment,Building convex collision shape once...,player/editor UI,"status.text = ""Building convex collision shape once..."""
scripts/model_weight/ModelWeightGeneratorPanel.gd,1334,script_assignment,Could not create convex collision shape.,player/editor UI,"status.text = ""Could not create convex collision shape."""
scripts/model_weight/ModelWeightGeneratorPanel.gd,1376,script_assignment,%s / %s: %d / %d throws,player/editor UI,"status.text = ""%s / %s: %d / %d throws"" % ["
scripts/model_weight/ModelWeightGeneratorPanel.gd,1473,script_assignment,Saved Charakoro profile: %s | %d throws%s,player/editor UI,"status.text = ""Saved Charakoro profile: %s | %d throws%s"" % ["
scripts/model_weight/ModelWeightGeneratorPanel.gd,1479,script_assignment,Could not write output file.,player/editor UI,"status.text = ""Could not write output file."""
scripts/presentation/timeline/BattleTimelineBuilder.gd,261,script_assignment,Effect Created,player/editor UI,"title = ""Effect Created"""
scripts/presentation/timeline/BattleTimelineBuilder.gd,263,script_assignment,Effect Active,player/editor UI,"title = ""Effect Active"""
scripts/presentation/timeline/BattleTimelineBuilder.gd,265,script_assignment,Effect Triggered,player/editor UI,"title = ""Effect Triggered"""
scripts/presentation/timeline/BattleTimelineBuilder.gd,267,script_assignment,Effect Consumed,player/editor UI,"title = ""Effect Consumed"""
scripts/presentation/timeline/BattleTimelineBuilder.gd,269,script_assignment,Effect Expired,player/editor UI,"title = ""Effect Expired"""
scripts/ui/components/KyokoroEffectPopup.gd,400,script_assignment,Move Effect,review,"move_effect_title.text = ""Move Effect"""
scripts/ui/components/KyokoroEffectPopup.gd,517,script_assignment,Energy Cost:,review,"energy_cost_title.text = ""Energy Cost:"""
scripts/ui/components/KyokoroEffectPopup.gd,557,script_assignment,Move Effect,review,"move_effect_title.text = ""Move Effect"""
scripts/ui/components/KyokoroEffectPopup.gd,840,script_assignment,Details,review,"detail_title.text = ""Details"""
scripts/ui/components/KyokoroEffectPopup.gd,974,script_assignment,Charakoro Effect,review,"effect_title.text = ""Charakoro Effect"""
scripts/ui/components/HeroPlakoroCard.gd,30,script_assignment,Unknown Plakoro,review,"name_label.text = ""Unknown Plakoro"""
scripts/ui/components/HeroPlakoroCard.gd,32,script_assignment,HP —,review,"hp_label.text = ""HP —"""
scripts/ui/components/HeroPlakoroCard.gd,33,script_assignment,Type —,review,"type_label.text = ""Type —"""
scripts/ui/components/HeroPlakoroCard.gd,34,script_assignment,Presentation: unavailable,review,"source_label.text = ""Presentation: unavailable"""
scripts/ui/components/EnergyDieNetEditor.gd,89,script_assignment,Enerkoro ,review,"title.text = ""Enerkoro "" + str(die_index + 1)"
scripts/ui/components/EnergyDieNetEditor.gd,95,script_assignment,Click a dice face to edit its energy.,review,"subtitle.text = ""Click a dice face to edit its energy."""
scripts/ui/components/MoveConditionEditor.gd,104,script_assignment,Condition,review,"label.text = ""Condition"""
scripts/ui/components/MoveConditionEditor.gd,156,script_assignment,Child Conditions,review,"child_title.text = ""Child Conditions"""
scripts/ui/components/MoveConditionEditor.gd,163,script_assignment,+ Add Condition,review,"add_child_button.text = ""+ Add Condition"""
scripts/ui/components/MoveConditionEditor.gd,334,script_assignment,Set NOT Condition,review,"add_child_button.text = ""Set NOT Condition"""
scripts/ui/components/MoveConditionEditor.gd,349,script_assignment,+ Add Condition,review,"add_child_button.text = ""+ Add Condition"""
scripts/ui/components/MoveConditionEditor.gd,384,script_assignment,Remove Condition,review,"remove_button.text = ""Remove Condition"""
scripts/ui/components/MoveOutcomeRuleEditor.gd,48,script_assignment,Charakoro Outcome Rule,review,"title.text = ""Charakoro Outcome Rule"""
scripts/ui/components/MoveOutcomeRuleEditor.gd,55,script_assignment,Remove Rule,review,"remove_button.text = ""Remove Rule"""
scripts/ui/components/MoveOutcomeRuleEditor.gd,125,script_assignment,Actions,review,"actions_title.text = ""Actions"""
scripts/ui/components/MoveOutcomeRuleEditor.gd,132,script_assignment,+ Add Action,review,"add_action_button.text = ""+ Add Action"""
scripts/ui/components/MoveOutcomeRuleEditor.gd,151,script_assignment,raw_text,review,"raw_label.text = ""raw_text"""
scripts/ui/components/BattlePendingEffectIndicator.gd,52,script_assignment,Charakoro pending effects,player/editor UI,"anchor_icon.tooltip_text = ""Charakoro pending effects"""
scripts/ui/components/MoveLifecycleEffectEditor.gd,47,script_assignment,Temporary / Lifecycle,review,"title.text = ""Temporary / Lifecycle"""
scripts/ui/components/MoveLifecycleEffectEditor.gd,319,script_assignment,Lifecycle configuration is valid.,review,"validation_label.text = ""Lifecycle configuration is valid."""
scripts/ui/components/BattleDiceRollPresenter.gd,744,script_assignment,No Energy,player/editor UI,"_labels[index].text = ""No Energy"""
scripts/ui/components/EnergyDieIconPreview.gd,25,script_assignment,Dice ,review,"title.text = ""Dice "" + str(die_number)"
scripts/ui/components/EnergyDieIconPreview.gd,34,script_assignment,Dice data unavailable,review,"missing.text = ""Dice data unavailable"""
scripts/ui/components/EnergyDieIconPreview.gd,115,script_assignment,↔,review,"divider.text = ""↔"""
scripts/ui/components/EnergyDieIconPreview.gd,159,script_assignment,×,review,"count_label.text = ""×"" + str(count)"
scripts/ui/components/EnergyDieIconPreview.gd,170,script_assignment,+,review,"plus_label.text = ""+"""
scripts/ui/components/MoveCoverageCard.gd,17,script_assignment,Requires: ,review,"_cost_label.text = ""Requires: "" + _format_required_energy(result.required_energy)"
scripts/ui/components/MoveCoverageCard.gd,18,script_assignment,%.1f%% success,review,"_probability_label.text = ""%.1f%% success"" % (float(result.success_probability) * 100.0)"
scripts/ui/components/MoveActionEditorRow.gd,59,script_assignment,Action,review,"label.text = ""Action"""
scripts/ui/components/MoveActionEditorRow.gd,72,script_assignment,Remove,review,"remove_button.text = ""Remove"""
scripts/ui/components/MoveActionEditorRow.gd,101,script_assignment,Then Actions,review,"then_title.text = ""Then Actions"""
scripts/ui/components/MoveActionEditorRow.gd,108,script_assignment,+ Add Then Action,review,"add_then_button.text = ""+ Add Then Action"""
scripts/ui/components/MoveActionEditorRow.gd,124,script_assignment,Else Actions,review,"else_title.text = ""Else Actions"""
scripts/ui/components/MoveActionEditorRow.gd,131,script_assignment,+ Add Else Action,review,"add_else_button.text = ""+ Add Else Action"""
scripts/ui/components/EnergyPalette.gd,75,script_assignment,Close,review,"cancel_button.text = ""Close"""
scripts/ui/components/EnergyDiceIconSummary.gd,20,script_assignment,Enerkoro setup unavailable.,review,"missing.text = ""Enerkoro setup unavailable."""
scripts/ui/components/KyokoroTriggerRow.gd,20,script_assignment,No Charakoro trigger,review,"none_label.text = ""No Charakoro trigger"""
scripts/ui/components/MoveEnergyCostEditorRow.gd,84,script_assignment,Count,review,"count_label.text = ""Count"""
scripts/ui/components/MoveEnergyCostEditorRow.gd,102,script_assignment,↑,review,"up_button.text = ""↑"""
scripts/ui/components/MoveEnergyCostEditorRow.gd,103,script_assignment,Move this Energy Cost up.,review,"up_button.tooltip_text = ""Move this Energy Cost up."""
scripts/ui/components/MoveEnergyCostEditorRow.gd,108,script_assignment,↓,review,"down_button.text = ""↓"""
scripts/ui/components/MoveEnergyCostEditorRow.gd,109,script_assignment,Move this Energy Cost down.,review,"down_button.tooltip_text = ""Move this Energy Cost down."""
scripts/ui/components/MoveEnergyCostEditorRow.gd,114,script_assignment,Remove,review,"remove_button.text = ""Remove"""
scripts/ui/components/PlakoroMoveButton.gd,142,script_assignment,✓ Success ,review,"_availability_label.text = ""✓ Success "" + coverage_text"
scripts/ui/components/PlakoroMoveButton.gd,157,script_assignment,✓ Available • Success ,review,"_availability_label.text = ""✓ Available • Success "" + coverage_text"
scripts/ui/components/EnergyDieEditorPanel.gd,60,script_assignment,Enerkoro ,review,"title.text = ""Enerkoro "" + str(die_index + 1)"
scripts/ui/components/EnergyCostChip.gd,42,script_assignment,×,review,"count_label.text = ""×"" + str(count)"
scripts/ui/components/EnergyFaceButton.gd,203,script_assignment,+,review,"plus_label.text = ""+"""
scripts/ui/components/MoveEnergyCostRow.gd,54,script_assignment,None,review,"none_label.text = ""None"""
