file,line,path,scheme,context
project.godot,14,res://scenes/ui/BattlePreparationUI.tscn,res://,"run/main_scene=""res://scenes/ui/BattlePreparationUI.tscn"""
project.godot,16,res://icon.svg,res://,"config/icon=""res://icon.svg"""
database/st_eb01_special_effect_mapping.json,281,res://database/kyokoro_orientation_map.json,res://,"""mapping_file"": ""res://database/kyokoro_orientation_map.json"""
scenes/ui/BattleGameUI.tscn,3,res://scripts/ui/BattleGameUI.gd,res://,"[ext_resource type=""Script"" path=""res://scripts/ui/BattleGameUI.gd"" id=""1_ui""]"
scenes/ui/BattleGameUI.tscn,4,res://scripts/database/DatabaseService.gd,res://,"[ext_resource type=""Script"" path=""res://scripts/database/DatabaseService.gd"" id=""2_database""]"
scenes/ui/BattleGameUI.tscn,5,res://scripts/presentation/timeline/BattleTimelineView.gd,res://,"[ext_resource type=""Script"" path=""res://scripts/presentation/timeline/BattleTimelineView.gd"" id=""3_timeline""]"
scenes/ui/BattleGameUI.tscn,6,res://scenes/ui/components/BattleDiceRollPresenter.tscn,res://,"[ext_resource type=""PackedScene"" path=""res://scenes/ui/components/BattleDiceRollPresenter.tscn"" id=""4_roll""]"
scenes/ui/BattleGameUI.tscn,7,res://scripts/ui/components/BattlePendingEffectIndicator.gd,res://,"[ext_resource type=""Script"" path=""res://scripts/ui/components/BattlePendingEffectIndicator.gd"" id=""5_pending_effect""]"
scenes/ui/BattleGameUI.tscn,9,res://scenes/ui/components/LanguageSelector.tscn,res://,"[ext_resource type=""PackedScene"" path=""res://scenes/ui/components/LanguageSelector.tscn"" id=""lang_selector""]"
scenes/ui/MoveBuilderUI.tscn,3,res://scripts/ui/MoveBuilderUI.gd,res://,"[ext_resource type=""Script"" path=""res://scripts/ui/MoveBuilderUI.gd"" id=""1_ui""]"
scenes/ui/MoveBuilderUI.tscn,4,res://scripts/database/DatabaseService.gd,res://,"[ext_resource type=""Script"" path=""res://scripts/database/DatabaseService.gd"" id=""2_database""]"
scenes/ui/MoveBuilderUI.tscn,6,res://scripts/ui/GlobalQuitConfirmation.gd,res://,"[ext_resource type=""Script"" path=""res://scripts/ui/GlobalQuitConfirmation.gd"" id=""quit_guard""]"
scenes/ui/EnergyDiceVisualBuilderUI.tscn,3,res://scripts/ui/EnergyDiceVisualBuilderUI.gd,res://,"[ext_resource type=""Script"" path=""res://scripts/ui/EnergyDiceVisualBuilderUI.gd"" id=""1_ui""]"
scenes/ui/EnergyDiceVisualBuilderUI.tscn,4,res://scripts/database/DatabaseService.gd,res://,"[ext_resource type=""Script"" path=""res://scripts/database/DatabaseService.gd"" id=""2_database""]"
scenes/ui/EnergyDiceVisualBuilderUI.tscn,6,res://scripts/ui/GlobalQuitConfirmation.gd,res://,"[ext_resource type=""Script"" path=""res://scripts/ui/GlobalQuitConfirmation.gd"" id=""quit_guard""]"
scenes/ui/EnergyDiceVisualBuilderUI.tscn,8,res://scenes/ui/components/LanguageSelector.tscn,res://,"[ext_resource type=""PackedScene"" path=""res://scenes/ui/components/LanguageSelector.tscn"" id=""lang_selector""]"
scenes/ui/EnergyDiceSetupView.tscn,3,res://scripts/ui/EnergyDiceSetupView.gd,res://,"[ext_resource type=""Script"" path=""res://scripts/ui/EnergyDiceSetupView.gd"" id=""1_view""]"
scenes/ui/EnergyDiceSetupView.tscn,4,res://scripts/database/DatabaseService.gd,res://,"[ext_resource type=""Script"" path=""res://scripts/database/DatabaseService.gd"" id=""2_database""]"
scenes/ui/EnergyDiceSetupView.tscn,6,res://scripts/ui/GlobalQuitConfirmation.gd,res://,"[ext_resource type=""Script"" path=""res://scripts/ui/GlobalQuitConfirmation.gd"" id=""quit_guard""]"
scenes/ui/BattlePreparationUI.tscn,3,res://scripts/ui/BattlePreparationUI.gd,res://,"[ext_resource type=""Script"" path=""res://scripts/ui/BattlePreparationUI.gd"" id=""1_ui""]"
scenes/ui/BattlePreparationUI.tscn,4,res://scripts/database/DatabaseService.gd,res://,"[ext_resource type=""Script"" path=""res://scripts/database/DatabaseService.gd"" id=""2_database""]"
scenes/ui/BattlePreparationUI.tscn,6,res://scripts/ui/GlobalQuitConfirmation.gd,res://,"[ext_resource type=""Script"" path=""res://scripts/ui/GlobalQuitConfirmation.gd"" id=""quit_guard""]"
scenes/ui/BattlePreparationUI.tscn,8,res://scenes/ui/components/LanguageSelector.tscn,res://,"[ext_resource type=""PackedScene"" path=""res://scenes/ui/components/LanguageSelector.tscn"" id=""lang_selector""]"
scenes/ui/PlakoroContentStudioUI.tscn,3,res://scripts/ui/PlakoroContentStudioUI.gd,res://,"[ext_resource type=""Script"" path=""res://scripts/ui/PlakoroContentStudioUI.gd"" id=""1_ui""]"
scenes/ui/PlakoroContentStudioUI.tscn,5,res://scripts/ui/GlobalQuitConfirmation.gd,res://,"[ext_resource type=""Script"" path=""res://scripts/ui/GlobalQuitConfirmation.gd"" id=""quit_guard""]"
scenes/ui/PlakoroContentStudioUI.tscn,7,res://scenes/ui/components/ModelWeightGeneratorPanel.tscn,res://,"[ext_resource type=""PackedScene"" path=""res://scenes/ui/components/ModelWeightGeneratorPanel.tscn"" id=""model_weight_panel""]"
scenes/ui/PlakoroContentStudioUI.tscn,9,res://scenes/ui/components/LanguageSelector.tscn,res://,"[ext_resource type=""PackedScene"" path=""res://scenes/ui/components/LanguageSelector.tscn"" id=""lang_selector""]"
scenes/ui/PlakoroContentStudioUI.tscn,129,res://database/pokemon,res://,"text = ""res://database/pokemon"""
scenes/ui/PlakoroContentStudioUI.tscn,512,user://user_database/dice_setups/<species>_default.json,user://,"text = ""user://user_database/dice_setups/<species>_default.json"""
scenes/tests/Milestone1211eLocalizationUIRegressionTest.tscn,3,res://scripts/tests/Milestone1211eLocalizationUIRegressionTest.gd,res://,"[ext_resource type=""Script"" path=""res://scripts/tests/Milestone1211eLocalizationUIRegressionTest.gd"" id=""1_test""]"
scenes/tests/Milestone1211cModelWeightIntegrationRegressionTest.tscn,3,res://scripts/tests/Milestone1211cModelWeightIntegrationRegressionTest.gd,res://,"[ext_resource type=""Script"" path=""res://scripts/tests/Milestone1211cModelWeightIntegrationRegressionTest.gd"" id=""1_test""]"
scenes/tests/Milestone1211dLocalizationFoundationRegressionTest.tscn,3,res://scripts/tests/Milestone1211dLocalizationFoundationRegressionTest.gd,res://,"[ext_resource type=""Script"" path=""res://scripts/tests/Milestone1211dLocalizationFoundationRegressionTest.gd"" id=""1_test""]"
scenes/tests/Milestone1211eModelWeightUnsavedGuardRegressionTest.tscn,3,res://scripts/tests/Milestone1211eModelWeightUnsavedGuardRegressionTest.gd,res://,"[ext_resource type=""Script"" path=""res://scripts/tests/Milestone1211eModelWeightUnsavedGuardRegressionTest.gd"" id=""1_test""]"
scenes/tests/Milestone1211eLocalizationCoverageFinalRegressionTest.tscn,3,res://scripts/tests/Milestone1211eLocalizationCoverageFinalRegressionTest.gd,res://,"[ext_resource type=""Script"" path=""res://scripts/tests/Milestone1211eLocalizationCoverageFinalRegressionTest.gd"" id=""1_test""]"
scenes/ui/components/PlakoroPortrait.tscn,3,res://scripts/ui/components/PlakoroPortrait.gd,res://,"[ext_resource type=""Script"" path=""res://scripts/ui/components/PlakoroPortrait.gd"" id=""1_script""]"
scenes/ui/components/ModelWeightGeneratorPanel.tscn,3,res://scripts/model_weight/ModelWeightGeneratorPanel.gd,res://,"[ext_resource type=""Script"" path=""res://scripts/model_weight/ModelWeightGeneratorPanel.gd"" id=""1_panel""]"
scenes/ui/components/StatusBadge.tscn,3,res://scripts/ui/components/StatusBadge.gd,res://,"[ext_resource type=""Script"" path=""res://scripts/ui/components/StatusBadge.gd"" id=""1_script""]"
scenes/ui/components/LanguageSelector.tscn,3,res://scripts/ui/components/LanguageSelector.gd,res://,"[ext_resource type=""Script"" path=""res://scripts/ui/components/LanguageSelector.gd"" id=""1_script""]"
scenes/ui/components/BattleDiceRollPresenter.tscn,3,res://scripts/ui/components/BattleDiceRollPresenter.gd,res://,"[ext_resource type=""Script"" path=""res://scripts/ui/components/BattleDiceRollPresenter.gd"" id=""1_script""]"
scenes/ui/components/HeroPlakoroCard.tscn,3,res://scripts/ui/components/HeroPlakoroCard.gd,res://,"[ext_resource type=""Script"" path=""res://scripts/ui/components/HeroPlakoroCard.gd"" id=""1_script""]"
scenes/ui/components/SectionCard.tscn,3,res://scripts/ui/components/SectionCard.gd,res://,"[ext_resource type=""Script"" path=""res://scripts/ui/components/SectionCard.gd"" id=""1_script""]"
scripts/replay/BattleReplaySerializer.gd,5,res://scripts/replay/data/BattleReplayData.gd,res://,"""res://scripts/replay/data/BattleReplayData.gd"""
scripts/replay/BattleReplayVerifier.gd,5,res://scripts/battle/data/DiceRollResultData.gd,res://,"""res://scripts/battle/data/DiceRollResultData.gd"""
scripts/replay/BattleReplayRecorder.gd,5,res://scripts/replay/data/BattleReplayData.gd,res://,"""res://scripts/replay/data/BattleReplayData.gd"""
scripts/replay/BattleReplayRecorder.gd,8,res://scripts/replay/data/ReplayTurnData.gd,res://,"""res://scripts/replay/data/ReplayTurnData.gd"""
scripts/ui/PlakoroContentStudioUI.gd,4,res://scripts/content/UserDatabasePathService.gd,res://,"const USER_DATABASE: Script = preload(""res://scripts/content/UserDatabasePathService.gd"")"
scripts/ui/PlakoroContentStudioUI.gd,8,res://scripts/ui/theme/PlakoroThemeFactory.gd,res://,"""res://scripts/ui/theme/PlakoroThemeFactory.gd"""
scripts/ui/PlakoroContentStudioUI.gd,11,res://scripts/ui/responsive/ResponsiveUIService.gd,res://,"""res://scripts/ui/responsive/ResponsiveUIService.gd"""
scripts/ui/PlakoroContentStudioUI.gd,14,res://scripts/ui/responsive/UIResponsiveProfile.gd,res://,"""res://scripts/ui/responsive/UIResponsiveProfile.gd"""
scripts/ui/PlakoroContentStudioUI.gd,17,res://scripts/content/PokemonAuthoringService.gd,res://,"""res://scripts/content/PokemonAuthoringService.gd"""
scripts/ui/PlakoroContentStudioUI.gd,20,res://scripts/content/KyokoroProfileAuthoringService.gd,res://,"""res://scripts/content/KyokoroProfileAuthoringService.gd"""
scripts/ui/PlakoroContentStudioUI.gd,23,res://scripts/content/MoveCardAuthoringService.gd,res://,"""res://scripts/content/MoveCardAuthoringService.gd"""
scripts/ui/PlakoroContentStudioUI.gd,26,res://scripts/content/PokemonMoveReferenceService.gd,res://,"""res://scripts/content/PokemonMoveReferenceService.gd"""
scripts/ui/PlakoroContentStudioUI.gd,29,res://scripts/content/ContentDatabaseIntegrityService.gd,res://,"""res://scripts/content/ContentDatabaseIntegrityService.gd"""
scripts/ui/PlakoroContentStudioUI.gd,32,res://scripts/content/ContentPlaytestBridgeService.gd,res://,"""res://scripts/content/ContentPlaytestBridgeService.gd"""
scripts/ui/PlakoroContentStudioUI.gd,35,res://scripts/dice/setup/EnergyDiceBuilderContextService.gd,res://,"""res://scripts/dice/setup/EnergyDiceBuilderContextService.gd"""
scripts/ui/PlakoroContentStudioUI.gd,38,res://scripts/dice/setup/PokemonDefaultDiceGenerator.gd,res://,"""res://scripts/dice/setup/PokemonDefaultDiceGenerator.gd"""
scripts/ui/PlakoroContentStudioUI.gd,41,res://scripts/content/ContentDeleteService.gd,res://,"""res://scripts/content/ContentDeleteService.gd"""
scripts/ui/PlakoroContentStudioUI.gd,44,res://scripts/content/ContentDataSourceService.gd,res://,"""res://scripts/content/ContentDataSourceService.gd"""
scripts/ui/PlakoroContentStudioUI.gd,47,res://scripts/content/ContentCloneService.gd,res://,"""res://scripts/content/ContentCloneService.gd"""
scripts/ui/PlakoroContentStudioUI.gd,50,res://scripts/runtime/MoveRuntimeCompatibilityService.gd,res://,"""res://scripts/runtime/MoveRuntimeCompatibilityService.gd"""
scripts/ui/PlakoroContentStudioUI.gd,53,res://scripts/presentation/PlakoroIconService.gd,res://,"""res://scripts/presentation/PlakoroIconService.gd"""
scripts/ui/PlakoroContentStudioUI.gd,56,res://scripts/presentation/PokemonPresentationAssetService.gd,res://,"""res://scripts/presentation/PokemonPresentationAssetService.gd"""
scripts/ui/PlakoroContentStudioUI.gd,59,res://scripts/ui/components/MoveEnergyCostEditorRow.gd,res://,"""res://scripts/ui/components/MoveEnergyCostEditorRow.gd"""
scripts/ui/PlakoroContentStudioUI.gd,62,res://scripts/ui/components/EnergyCostChip.gd,res://,"""res://scripts/ui/components/EnergyCostChip.gd"""
scripts/ui/PlakoroContentStudioUI.gd,65,res://scripts/ui/components/MoveActionEditorRow.gd,res://,"""res://scripts/ui/components/MoveActionEditorRow.gd"""
scripts/ui/PlakoroContentStudioUI.gd,68,res://scripts/ui/components/MoveOutcomeRuleEditor.gd,res://,"""res://scripts/ui/components/MoveOutcomeRuleEditor.gd"""
scripts/ui/PlakoroContentStudioUI.gd,72,res://scenes/ui/BattlePreparationUI.tscn,res://,"""res://scenes/ui/BattlePreparationUI.tscn"""
scripts/ui/PlakoroContentStudioUI.gd,75,res://scenes/ui/EnergyDiceVisualBuilderUI.tscn,res://,"""res://scenes/ui/EnergyDiceVisualBuilderUI.tscn"""
scripts/ui/PlakoroContentStudioUI.gd,78,res://scenes/ui/PlakoroContentStudioUI.tscn,res://,"""res://scenes/ui/PlakoroContentStudioUI.tscn"""
scripts/ui/PlakoroContentStudioUI.gd,677,user://user_database/dice_setups,user://,"""user://user_database/dice_setups"""
scripts/ui/BattleGameUI.gd,10,res://scripts/presentation/CharakoroBattleFeedbackService.gd,res://,"""res://scripts/presentation/CharakoroBattleFeedbackService.gd"""
scripts/ui/BattleGameUI.gd,15,res://scripts/ui/theme/PlakoroThemeFactory.gd,res://,"""res://scripts/ui/theme/PlakoroThemeFactory.gd"""
scripts/ui/BattleGameUI.gd,18,res://scripts/ui/theme/PlakoroUIStyle.gd,res://,"""res://scripts/ui/theme/PlakoroUIStyle.gd"""
scripts/ui/BattleGameUI.gd,23,res://scripts/ui/responsive/ResponsiveUIService.gd,res://,"""res://scripts/ui/responsive/ResponsiveUIService.gd"""
scripts/ui/BattleGameUI.gd,26,res://scripts/ui/responsive/UIResponsiveProfile.gd,res://,"""res://scripts/ui/responsive/UIResponsiveProfile.gd"""
scripts/ui/BattleGameUI.gd,31,res://scripts/database/JsonLoader.gd,res://,"""res://scripts/database/JsonLoader.gd"""
scripts/ui/BattleGameUI.gd,34,res://scripts/team_builder/TeamBuilderService.gd,res://,"""res://scripts/team_builder/TeamBuilderService.gd"""
scripts/ui/BattleGameUI.gd,37,res://scripts/team_builder/StructuredEnergyDiceService.gd,res://,"""res://scripts/team_builder/StructuredEnergyDiceService.gd"""
scripts/ui/BattleGameUI.gd,40,res://scripts/dice/setup/EnergyDiceSetupLoader.gd,res://,"""res://scripts/dice/setup/EnergyDiceSetupLoader.gd"""
scripts/ui/BattleGameUI.gd,43,res://scripts/analysis/MoveCoverageAnalyzer.gd,res://,"""res://scripts/analysis/MoveCoverageAnalyzer.gd"""
scripts/ui/BattleGameUI.gd,46,res://scripts/battle/BattleController.gd,res://,"""res://scripts/battle/BattleController.gd"""
scripts/ui/BattleGameUI.gd,49,res://scripts/battle/BattleRandomSeedService.gd,res://,"""res://scripts/battle/BattleRandomSeedService.gd"""
scripts/ui/BattleGameUI.gd,52,res://scripts/dice/DiceEngine.gd,res://,"""res://scripts/dice/DiceEngine.gd"""
scripts/ui/BattleGameUI.gd,55,res://scripts/ai/AITurnService.gd,res://,"""res://scripts/ai/AITurnService.gd"""
scripts/ui/BattleGameUI.gd,58,res://scripts/battle/status/StatusResolver.gd,res://,"""res://scripts/battle/status/StatusResolver.gd"""
scripts/ui/BattleGameUI.gd,61,res://scripts/battle/special/SpecialKyokoroSequenceService.gd,res://,"""res://scripts/battle/special/SpecialKyokoroSequenceService.gd"""
scripts/ui/BattleGameUI.gd,64,res://scripts/battle/special/SpecialMoveSelectionService.gd,res://,"""res://scripts/battle/special/SpecialMoveSelectionService.gd"""
scripts/ui/BattleGameUI.gd,67,res://scripts/battle/special/SpecialOpponentEnerkoroService.gd,res://,"""res://scripts/battle/special/SpecialOpponentEnerkoroService.gd"""
scripts/ui/BattleGameUI.gd,70,res://scripts/battle/EnergyResolver.gd,res://,"""res://scripts/battle/EnergyResolver.gd"""
scripts/ui/BattleGameUI.gd,73,res://scripts/presentation/timeline/BattleTimelineBuilder.gd,res://,"""res://scripts/presentation/timeline/BattleTimelineBuilder.gd"""
scripts/ui/BattleGameUI.gd,76,res://scripts/presentation/BattleOutcomeFeedback.gd,res://,"""res://scripts/presentation/BattleOutcomeFeedback.gd"""
scripts/ui/BattleGameUI.gd,79,res://scripts/loadout/PlayerBattleLoadoutProvider.gd,res://,"""res://scripts/loadout/PlayerBattleLoadoutProvider.gd"""
scripts/ui/BattleGameUI.gd,82,res://scripts/loadout/RuntimePlayerLoadoutBuilder.gd,res://,"""res://scripts/loadout/RuntimePlayerLoadoutBuilder.gd"""
scripts/ui/BattleGameUI.gd,85,res://scripts/loadout/AIBattleLoadoutProvider.gd,res://,"""res://scripts/loadout/AIBattleLoadoutProvider.gd"""
scripts/ui/BattleGameUI.gd,88,res://scripts/loadout/RuntimeAILoadoutBuilder.gd,res://,"""res://scripts/loadout/RuntimeAILoadoutBuilder.gd"""
scripts/ui/BattleGameUI.gd,91,res://scripts/runtime/BattleLoadoutVerificationService.gd,res://,"""res://scripts/runtime/BattleLoadoutVerificationService.gd"""
scripts/ui/BattleGameUI.gd,94,res://scripts/presentation/MoveKyokoroEffectPresentationService.gd,res://,"""res://scripts/presentation/MoveKyokoroEffectPresentationService.gd"""
scripts/ui/BattleGameUI.gd,97,res://scripts/runtime/BattleResourceRecoveryService.gd,res://,"""res://scripts/runtime/BattleResourceRecoveryService.gd"""
scripts/ui/BattleGameUI.gd,100,res://scripts/ui/components/PlakoroMoveButton.gd,res://,"""res://scripts/ui/components/PlakoroMoveButton.gd"""
scripts/ui/BattleGameUI.gd,103,res://scripts/ui/components/EnergyDiceIconSummary.gd,res://,"""res://scripts/ui/components/EnergyDiceIconSummary.gd"""
scripts/ui/BattleGameUI.gd,106,res://scenes/ui/components/PlakoroPortrait.tscn,res://,"""res://scenes/ui/components/PlakoroPortrait.tscn"""
scripts/ui/BattleGameUI.gd,109,res://scripts/ui/components/BattleHPBarPresenter.gd,res://,"""res://scripts/ui/components/BattleHPBarPresenter.gd"""
scripts/ui/BattleGameUI.gd,112,res://scenes/ui/BattlePreparationUI.tscn,res://,"""res://scenes/ui/BattlePreparationUI.tscn"""
scripts/ui/BattleGameUI.gd,116,res://scripts/ui/components/BattleMessagePresenter.gd,res://,"""res://scripts/ui/components/BattleMessagePresenter.gd"""
scripts/ui/BattleGameUI.gd,119,res://scripts/ui/components/BattleFloatingTextPresenter.gd,res://,"""res://scripts/ui/components/BattleFloatingTextPresenter.gd"""
scripts/ui/BattleGameUI.gd,122,res://scripts/ui/components/BattleTurnBannerPresenter.gd,res://,"""res://scripts/ui/components/BattleTurnBannerPresenter.gd"""
scripts/ui/BattleGameUI.gd,125,res://scripts/ui/components/BattleResultPresenter.gd,res://,"""res://scripts/ui/components/BattleResultPresenter.gd"""
scripts/ui/BattleGameUI.gd,128,res://scripts/runtime/BattleResolutionPresentationConfig.gd,res://,"""res://scripts/runtime/BattleResolutionPresentationConfig.gd"""
scripts/ui/BattleGameUI.gd,131,res://scripts/presentation/BattleResolutionStepQueueBuilder.gd,res://,"""res://scripts/presentation/BattleResolutionStepQueueBuilder.gd"""
scripts/ui/BattleGameUI.gd,305,res://database/rules/team_builder_rules.json,res://,"""res://database/rules/team_builder_rules.json"""
scripts/ui/BattlePreparationUI.gd,5,res://scripts/ui/theme/PlakoroThemeFactory.gd,res://,"""res://scripts/ui/theme/PlakoroThemeFactory.gd"""
scripts/ui/BattlePreparationUI.gd,8,res://scripts/ui/theme/PlakoroUIStyle.gd,res://,"""res://scripts/ui/theme/PlakoroUIStyle.gd"""
scripts/ui/BattlePreparationUI.gd,13,res://scripts/ui/responsive/ResponsiveUIService.gd,res://,"""res://scripts/ui/responsive/ResponsiveUIService.gd"""
scripts/ui/BattlePreparationUI.gd,16,res://scripts/ui/responsive/UIResponsiveProfile.gd,res://,"""res://scripts/ui/responsive/UIResponsiveProfile.gd"""
scripts/ui/BattlePreparationUI.gd,21,res://scripts/loadout/PlayerBattleLoadoutProvider.gd,res://,"""res://scripts/loadout/PlayerBattleLoadoutProvider.gd"""
scripts/ui/BattlePreparationUI.gd,24,res://scripts/loadout/PlayerBattleLoadoutSaveService.gd,res://,"""res://scripts/loadout/PlayerBattleLoadoutSaveService.gd"""
scripts/ui/BattlePreparationUI.gd,27,res://scripts/loadout/PlayerBattleLoadoutValidator.gd,res://,"""res://scripts/loadout/PlayerBattleLoadoutValidator.gd"""
scripts/ui/BattlePreparationUI.gd,30,res://scripts/analysis/MoveCoverageAnalyzer.gd,res://,"""res://scripts/analysis/MoveCoverageAnalyzer.gd"""
scripts/ui/BattlePreparationUI.gd,33,res://scripts/analysis/MoveBuilderAnalysisService.gd,res://,"""res://scripts/analysis/MoveBuilderAnalysisService.gd"""
scripts/ui/BattlePreparationUI.gd,36,res://scripts/runtime/BattleLoadoutVerificationService.gd,res://,"""res://scripts/runtime/BattleLoadoutVerificationService.gd"""
scripts/ui/BattlePreparationUI.gd,39,res://scripts/presentation/MoveKyokoroEffectPresentationService.gd,res://,"""res://scripts/presentation/MoveKyokoroEffectPresentationService.gd"""
scripts/ui/BattlePreparationUI.gd,42,res://scripts/runtime/BattleResourceRecoveryService.gd,res://,"""res://scripts/runtime/BattleResourceRecoveryService.gd"""
scripts/ui/BattlePreparationUI.gd,45,res://scripts/ui/components/EnergyCostChip.gd,res://,"""res://scripts/ui/components/EnergyCostChip.gd"""
scripts/ui/BattlePreparationUI.gd,48,res://scripts/ui/components/MoveEnergyCostRow.gd,res://,"""res://scripts/ui/components/MoveEnergyCostRow.gd"""
scripts/ui/BattlePreparationUI.gd,51,res://scripts/ui/components/KyokoroTriggerRow.gd,res://,"""res://scripts/ui/components/KyokoroTriggerRow.gd"""
scripts/ui/BattlePreparationUI.gd,54,res://scripts/ui/components/EnergyDiceIconSummary.gd,res://,"""res://scripts/ui/components/EnergyDiceIconSummary.gd"""
scripts/ui/BattlePreparationUI.gd,57,res://scenes/ui/components/PlakoroPortrait.tscn,res://,"""res://scenes/ui/components/PlakoroPortrait.tscn"""
scripts/ui/BattlePreparationUI.gd,60,res://scripts/loadout/AIBattleLoadoutProvider.gd,res://,"""res://scripts/loadout/AIBattleLoadoutProvider.gd"""
scripts/ui/BattlePreparationUI.gd,63,res://scripts/loadout/AIBattleLoadoutValidator.gd,res://,"""res://scripts/loadout/AIBattleLoadoutValidator.gd"""
scripts/ui/BattlePreparationUI.gd,66,res://scripts/content/ContentPlaytestBridgeService.gd,res://,"""res://scripts/content/ContentPlaytestBridgeService.gd"""
scripts/ui/BattlePreparationUI.gd,69,res://scripts/ui/components/MovePresentationService.gd,res://,"""res://scripts/ui/components/MovePresentationService.gd"""
scripts/ui/BattlePreparationUI.gd,72,res://scripts/ui/components/KyokoroEffectPopup.gd,res://,"""res://scripts/ui/components/KyokoroEffectPopup.gd"""
scripts/ui/BattlePreparationUI.gd,75,res://scripts/dice/setup/EnergyDiceBuilderContextService.gd,res://,"""res://scripts/dice/setup/EnergyDiceBuilderContextService.gd"""
scripts/ui/BattlePreparationUI.gd,78,res://scripts/content/PokemonAuthoringService.gd,res://,"""res://scripts/content/PokemonAuthoringService.gd"""
scripts/ui/BattlePreparationUI.gd,81,res://scripts/content/MoveCardAuthoringService.gd,res://,"""res://scripts/content/MoveCardAuthoringService.gd"""
scripts/ui/BattlePreparationUI.gd,84,res://scripts/runtime/BattleResolutionPresentationConfig.gd,res://,"""res://scripts/runtime/BattleResolutionPresentationConfig.gd"""
scripts/ui/BattlePreparationUI.gd,89,res://scenes/ui/BattleGameUI.tscn,res://,"""res://scenes/ui/BattleGameUI.tscn"""
scripts/ui/BattlePreparationUI.gd,93,res://scenes/ui/PlakoroContentStudioUI.tscn,res://,"""res://scenes/ui/PlakoroContentStudioUI.tscn"""
scripts/ui/BattlePreparationUI.gd,97,res://scenes/ui/EnergyDiceVisualBuilderUI.tscn,res://,"""res://scenes/ui/EnergyDiceVisualBuilderUI.tscn"""
scripts/ui/BattlePreparationUI.gd,102,res://scenes/ui/MoveBuilderUI.tscn,res://,"""res://scenes/ui/MoveBuilderUI.tscn"""
scripts/ui/BattlePreparationUI.gd,105,res://scripts/draft/MoveDraftProvider.gd,res://,"""res://scripts/draft/MoveDraftProvider.gd"""
scripts/ui/BattlePreparationUI.gd,2547,res://scenes/ui/BattlePreparationUI.tscn,res://,"""res://scenes/ui/BattlePreparationUI.tscn"","
scripts/ui/EnergyDiceVisualBuilderUI.gd,5,res://scripts/ui/theme/PlakoroThemeFactory.gd,res://,"""res://scripts/ui/theme/PlakoroThemeFactory.gd"""
scripts/ui/EnergyDiceVisualBuilderUI.gd,8,res://scripts/ui/theme/PlakoroUIStyle.gd,res://,"""res://scripts/ui/theme/PlakoroUIStyle.gd"""
scripts/ui/EnergyDiceVisualBuilderUI.gd,13,res://scripts/ui/responsive/ResponsiveUIService.gd,res://,"""res://scripts/ui/responsive/ResponsiveUIService.gd"""
scripts/ui/EnergyDiceVisualBuilderUI.gd,16,res://scripts/ui/responsive/UIResponsiveProfile.gd,res://,"""res://scripts/ui/responsive/UIResponsiveProfile.gd"""
scripts/ui/EnergyDiceVisualBuilderUI.gd,21,res://scripts/dice/setup/EnergyDiceSetupLoader.gd,res://,"""res://scripts/dice/setup/EnergyDiceSetupLoader.gd"""
scripts/ui/EnergyDiceVisualBuilderUI.gd,24,res://scripts/dice/setup/EnergyDiceSetupEditorService.gd,res://,"""res://scripts/dice/setup/EnergyDiceSetupEditorService.gd"""
scripts/ui/EnergyDiceVisualBuilderUI.gd,27,res://scripts/dice/setup/EnergyDiceSetupSaveService.gd,res://,"""res://scripts/dice/setup/EnergyDiceSetupSaveService.gd"""
scripts/ui/EnergyDiceVisualBuilderUI.gd,30,res://scripts/dice/setup/EnergyDiceSetupValidator.gd,res://,"""res://scripts/dice/setup/EnergyDiceSetupValidator.gd"""
scripts/ui/EnergyDiceVisualBuilderUI.gd,33,res://scripts/dice/setup/EnergyDiceProbabilityCalculator.gd,res://,"""res://scripts/dice/setup/EnergyDiceProbabilityCalculator.gd"""
scripts/ui/EnergyDiceVisualBuilderUI.gd,36,res://scripts/ui/components/EnergyDieNetEditor.gd,res://,"""res://scripts/ui/components/EnergyDieNetEditor.gd"""
scripts/ui/EnergyDiceVisualBuilderUI.gd,39,res://scripts/analysis/MoveCoverageAnalyzer.gd,res://,"""res://scripts/analysis/MoveCoverageAnalyzer.gd"""
scripts/ui/EnergyDiceVisualBuilderUI.gd,42,res://scripts/ui/components/MoveCoverageCard.gd,res://,"""res://scripts/ui/components/MoveCoverageCard.gd"""
scripts/ui/EnergyDiceVisualBuilderUI.gd,45,res://scripts/loadout/PlayerBattleLoadoutProvider.gd,res://,"""res://scripts/loadout/PlayerBattleLoadoutProvider.gd"""
scripts/ui/EnergyDiceVisualBuilderUI.gd,48,res://scripts/loadout/PlayerBattleLoadoutSaveService.gd,res://,"""res://scripts/loadout/PlayerBattleLoadoutSaveService.gd"""
scripts/ui/EnergyDiceVisualBuilderUI.gd,51,res://scripts/loadout/AIBattleLoadoutProvider.gd,res://,"""res://scripts/loadout/AIBattleLoadoutProvider.gd"""
scripts/ui/EnergyDiceVisualBuilderUI.gd,54,res://scripts/loadout/AIBattleLoadoutSaveService.gd,res://,"""res://scripts/loadout/AIBattleLoadoutSaveService.gd"""
scripts/ui/EnergyDiceVisualBuilderUI.gd,57,res://scripts/ui/components/EnergyDiceIconSummary.gd,res://,"""res://scripts/ui/components/EnergyDiceIconSummary.gd"""
scripts/ui/EnergyDiceVisualBuilderUI.gd,60,res://scripts/dice/setup/EnergyDiceBuilderContextService.gd,res://,"""res://scripts/dice/setup/EnergyDiceBuilderContextService.gd"""
scripts/ui/EnergyDiceVisualBuilderUI.gd,63,res://scripts/content/UserDatabasePathService.gd,res://,"""res://scripts/content/UserDatabasePathService.gd"""
scripts/ui/EnergyDiceVisualBuilderUI.gd,81,res://database/dice_setups/pikachu_default.json,res://,"""res://database/dice_setups/pikachu_default.json"""
scripts/ui/EnergyDiceVisualBuilderUI.gd,85,user://user_database/dice_setups/player_energy_dice_setup.json,user://,"""user://user_database/dice_setups/player_energy_dice_setup.json"""
scripts/ui/EnergyDiceVisualBuilderUI.gd,91,res://database/dice_setups/player_energy_dice_setup.json,res://,"""res://database/dice_setups/player_energy_dice_setup.json"""
scripts/ui/EnergyDiceVisualBuilderUI.gd,95,res://scenes/ui/BattlePreparationUI.tscn,res://,"""res://scenes/ui/BattlePreparationUI.tscn"""
scripts/ui/MoveBuilderUI.gd,5,res://scripts/ui/theme/PlakoroThemeFactory.gd,res://,"""res://scripts/ui/theme/PlakoroThemeFactory.gd"""
scripts/ui/MoveBuilderUI.gd,8,res://scripts/ui/theme/PlakoroUIStyle.gd,res://,"""res://scripts/ui/theme/PlakoroUIStyle.gd"""
scripts/ui/MoveBuilderUI.gd,13,res://scripts/ui/responsive/ResponsiveUIService.gd,res://,"""res://scripts/ui/responsive/ResponsiveUIService.gd"""
scripts/ui/MoveBuilderUI.gd,16,res://scripts/ui/responsive/UIResponsiveProfile.gd,res://,"""res://scripts/ui/responsive/UIResponsiveProfile.gd"""
scripts/ui/MoveBuilderUI.gd,21,res://scripts/loadout/PlayerBattleLoadoutProvider.gd,res://,"""res://scripts/loadout/PlayerBattleLoadoutProvider.gd"""
scripts/ui/MoveBuilderUI.gd,24,res://scripts/loadout/MoveSelectionValidator.gd,res://,"""res://scripts/loadout/MoveSelectionValidator.gd"""
scripts/ui/MoveBuilderUI.gd,27,res://scripts/analysis/MoveBuilderAnalysisService.gd,res://,"""res://scripts/analysis/MoveBuilderAnalysisService.gd"""
scripts/ui/MoveBuilderUI.gd,30,res://scripts/presentation/MoveKyokoroEffectPresentationService.gd,res://,"""res://scripts/presentation/MoveKyokoroEffectPresentationService.gd"""
scripts/ui/MoveBuilderUI.gd,33,res://scripts/ui/components/MoveEnergyCostRow.gd,res://,"""res://scripts/ui/components/MoveEnergyCostRow.gd"""
scripts/ui/MoveBuilderUI.gd,36,res://scripts/ui/components/KyokoroTriggerRow.gd,res://,"""res://scripts/ui/components/KyokoroTriggerRow.gd"""
scripts/ui/MoveBuilderUI.gd,39,res://scripts/draft/MoveDraftProvider.gd,res://,"""res://scripts/draft/MoveDraftProvider.gd"""
scripts/ui/MoveBuilderUI.gd,42,res://scripts/draft/MoveDraftDiffService.gd,res://,"""res://scripts/draft/MoveDraftDiffService.gd"""
scripts/ui/MoveBuilderUI.gd,45,res://scripts/draft/MoveDraftApplyService.gd,res://,"""res://scripts/draft/MoveDraftApplyService.gd"""
scripts/ui/MoveBuilderUI.gd,50,res://scenes/ui/BattlePreparationUI.tscn,res://,"""res://scenes/ui/BattlePreparationUI.tscn"""
scripts/ui/EnergyDiceSetupView.gd,5,res://scripts/dice/setup/EnergyDiceSetupLoader.gd,res://,"""res://scripts/dice/setup/EnergyDiceSetupLoader.gd"""
scripts/ui/EnergyDiceSetupView.gd,8,res://scripts/dice/setup/EnergyDiceSetupValidator.gd,res://,"""res://scripts/dice/setup/EnergyDiceSetupValidator.gd"""
scripts/ui/EnergyDiceSetupView.gd,11,res://scripts/dice/setup/EnergyDiceProbabilityCalculator.gd,res://,"""res://scripts/dice/setup/EnergyDiceProbabilityCalculator.gd"""
scripts/ui/EnergyDiceSetupView.gd,43,res://database/dice_setups/pikachu_default.json,res://,"""res://database/dice_setups/pikachu_default.json"""
scripts/dice/DiceStatistics.gd,5,res://scripts/dice/EnergyDieRoller.gd,res://,"""res://scripts/dice/EnergyDieRoller.gd"""
scripts/dice/EnergyDieProfileFactory.gd,5,res://scripts/dice/data/EnergyDieFaceData.gd,res://,"""res://scripts/dice/data/EnergyDieFaceData.gd"""
scripts/dice/EnergyDieProfileFactory.gd,9,res://scripts/dice/data/EnergyDieProfileData.gd,res://,"""res://scripts/dice/data/EnergyDieProfileData.gd"""
scripts/dice/StructuredEnergyDiceRoller.gd,5,res://scripts/dice/StructuredEnergyResultResolver.gd,res://,"""res://scripts/dice/StructuredEnergyResultResolver.gd"""
scripts/dice/DiceEngine.gd,5,res://scripts/dice/EnergyDieRoller.gd,res://,"""res://scripts/dice/EnergyDieRoller.gd"""
scripts/dice/DiceEngine.gd,9,res://scripts/dice/KyokoroRoller.gd,res://,"""res://scripts/dice/KyokoroRoller.gd"""
scripts/dice/DiceEngine.gd,13,res://scripts/battle/data/DiceRollResultData.gd,res://,"""res://scripts/battle/data/DiceRollResultData.gd"""
scripts/dice/DiceEngine.gd,17,res://scripts/dice/data/DiceRollRecordData.gd,res://,"""res://scripts/dice/data/DiceRollRecordData.gd"""
scripts/model_weight/ModelWeightGeneratorPanel.gd,3,res://scripts/model_weight/importers/STLRuntimeImporter.gd,res://,"const STLImporter = preload(""res://scripts/model_weight/importers/STLRuntimeImporter.gd"")"
scripts/model_weight/ModelWeightGeneratorPanel.gd,4,res://scripts/model_weight/importers/OBJRuntimeImporter.gd,res://,"const OBJImporter = preload(""res://scripts/model_weight/importers/OBJRuntimeImporter.gd"")"
scripts/model_weight/ModelWeightGeneratorPanel.gd,5,res://scripts/model_weight/importers/GLTFRuntimeImporter.gd,res://,"const GLTFImporter = preload(""res://scripts/model_weight/importers/GLTFRuntimeImporter.gd"")"
scripts/model_weight/ModelWeightGeneratorPanel.gd,1486,user://user_database/kyokoro_profiles,user://,"return ""user://user_database/kyokoro_profiles"""
scripts/analysis/MoveBuilderAnalysisService.gd,5,res://scripts/analysis/MoveCoverageAnalyzer.gd,res://,"""res://scripts/analysis/MoveCoverageAnalyzer.gd"""
scripts/analysis/MoveCoverageAnalyzer.gd,4,res://scripts/analysis/MoveCoverageResultData.gd,res://,"""res://scripts/analysis/MoveCoverageResultData.gd"""
scripts/analysis/MoveCoverageAnalyzer.gd,7,res://scripts/dice/setup/EnergyDiceProbabilityCalculator.gd,res://,"""res://scripts/dice/setup/EnergyDiceProbabilityCalculator.gd"""
scripts/analysis/MoveCoverageAnalyzer.gd,10,res://scripts/battle/EnergyCostMatcher.gd,res://,"""res://scripts/battle/EnergyCostMatcher.gd"""
scripts/database/RulesLoader.gd,2,res://scripts/database/JsonLoader.gd,res://,"const JSON_LOADER: Script = preload(""res://scripts/database/JsonLoader.gd"")"
scripts/database/RulesLoader.gd,3,res://scripts/data/RulesData.gd,res://,"const RULES_DATA: Script = preload(""res://scripts/data/RulesData.gd"")"
scripts/database/RulesLoader.gd,4,res://database/rules/battle_rules.json,res://,"const PATH: String = ""res://database/rules/battle_rules.json"""
scripts/database/DatabaseService.gd,2,res://scripts/database/JsonLoader.gd,res://,"const JSON_LOADER: Script = preload(""res://scripts/database/JsonLoader.gd"")"
scripts/database/DatabaseService.gd,3,res://scripts/database/ReferenceLoader.gd,res://,"const REFERENCE_LOADER: Script = preload(""res://scripts/database/ReferenceLoader.gd"")"
scripts/database/DatabaseService.gd,4,res://scripts/database/RulesLoader.gd,res://,"const RULES_LOADER: Script = preload(""res://scripts/database/RulesLoader.gd"")"
scripts/database/DatabaseService.gd,5,res://scripts/database/parsers/MoveCardParser.gd,res://,"const MOVE_CARD_PARSER: Script = preload(""res://scripts/database/parsers/MoveCardParser.gd"")"
scripts/database/DatabaseService.gd,6,res://scripts/database/parsers/PokemonParser.gd,res://,"const POKEMON_PARSER: Script = preload(""res://scripts/database/parsers/PokemonParser.gd"")"
scripts/database/DatabaseService.gd,7,res://scripts/database/parsers/KyokoroProfileParser.gd,res://,"const PROFILE_PARSER: Script = preload(""res://scripts/database/parsers/KyokoroProfileParser.gd"")"
scripts/database/DatabaseService.gd,8,res://database/move_cards,res://,"const MOVE_DIR: String = ""res://database/move_cards"""
scripts/database/DatabaseService.gd,9,res://database/pokemon,res://,"const POKEMON_DIR: String = ""res://database/pokemon"""
scripts/database/DatabaseService.gd,10,res://database/kyokoro_profiles,res://,"const PROFILE_DIR: String = ""res://database/kyokoro_profiles"""
scripts/database/DatabaseService.gd,11,user://user_database/move_cards,user://,"const USER_MOVE_DIR: String = ""user://user_database/move_cards"""
scripts/database/DatabaseService.gd,12,user://user_database/pokemon,user://,"const USER_POKEMON_DIR: String = ""user://user_database/pokemon"""
scripts/database/DatabaseService.gd,13,user://user_database/kyokoro_profiles,user://,"const USER_PROFILE_DIR: String = ""user://user_database/kyokoro_profiles"""
scripts/database/ReferenceLoader.gd,2,res://scripts/database/JsonLoader.gd,res://,"const JSON_LOADER: Script = preload(""res://scripts/database/JsonLoader.gd"")"
scripts/database/ReferenceLoader.gd,3,res://scripts/data/ReferenceData.gd,res://,"const REFERENCE_DATA: Script = preload(""res://scripts/data/ReferenceData.gd"")"
scripts/database/ReferenceLoader.gd,4,res://database/reference,res://,"const DIR: String = ""res://database/reference"""
scripts/presentation/BattlePresenter.gd,5,res://scripts/presentation/PresentationQueue.gd,res://,"""res://scripts/presentation/PresentationQueue.gd"""
scripts/presentation/BattlePresenter.gd,8,res://scripts/presentation/BattleEventTranslator.gd,res://,"""res://scripts/presentation/BattleEventTranslator.gd"""
scripts/presentation/PresentationAssetResolver.gd,4,res://scripts/presentation/UserAssetService.gd,res://,"""res://scripts/presentation/UserAssetService.gd"""
scripts/presentation/PresentationAssetResolver.gd,7,res://scripts/content/PokemonAuthoringService.gd,res://,"""res://scripts/content/PokemonAuthoringService.gd"""
scripts/presentation/PresentationAssetResolver.gd,10,res://scripts/presentation/PokemonPresentationAssetService.gd,res://,"""res://scripts/presentation/PokemonPresentationAssetService.gd"""
scripts/presentation/CharakoroBattleFeedbackService.gd,5,res://scripts/presentation/MoveKyokoroEffectPresentationService.gd,res://,"""res://scripts/presentation/MoveKyokoroEffectPresentationService.gd"""
scripts/presentation/PokemonPresentationManager.gd,4,res://scripts/presentation/PresentationAssetResolver.gd,res://,"""res://scripts/presentation/PresentationAssetResolver.gd"""
scripts/presentation/PokemonPresentationManager.gd,7,res://scripts/presentation/UserAssetService.gd,res://,"""res://scripts/presentation/UserAssetService.gd"""
scripts/presentation/BattleEventTranslator.gd,5,res://scripts/presentation/PresentationCommandData.gd,res://,"""res://scripts/presentation/PresentationCommandData.gd"""
scripts/presentation/PokemonPresentationAssetService.gd,4,res://scripts/content/PokemonAuthoringService.gd,res://,"""res://scripts/content/PokemonAuthoringService.gd"""
scripts/presentation/PokemonPresentationAssetService.gd,7,res://scripts/presentation/UserAssetService.gd,res://,"""res://scripts/presentation/UserAssetService.gd"""
scripts/presentation/PlakoroIconService.gd,4,res://scripts/presentation/UserAssetService.gd,res://,"""res://scripts/presentation/UserAssetService.gd"""
scripts/presentation/UserAssetService.gd,4,res://scripts/presentation/BuiltinAssetManifest.gd,res://,"""res://scripts/presentation/BuiltinAssetManifest.gd"""
scripts/presentation/UserAssetService.gd,7,res://assets,res://,"const BUILTIN_ROOT: String = ""res://assets"""
scripts/presentation/UserAssetService.gd,8,user://user_database/assets,user://,"const USER_ROOT: String = ""user://user_database/assets"""
scripts/runtime/KyokoroOrientationMappingService.gd,5,res://database/kyokoro_orientation_map.json,res://,"""res://database/kyokoro_orientation_map.json"""
scripts/runtime/BattleLoadoutVerificationService.gd,5,res://scripts/analysis/MoveBuilderAnalysisService.gd,res://,"""res://scripts/analysis/MoveBuilderAnalysisService.gd"""
scripts/runtime/BattleLoadoutVerificationService.gd,8,res://scripts/content/MoveCardAuthoringService.gd,res://,"""res://scripts/content/MoveCardAuthoringService.gd"""
scripts/runtime/BattleLoadoutVerificationService.gd,11,res://scripts/runtime/MoveRuntimeCompatibilityService.gd,res://,"""res://scripts/runtime/MoveRuntimeCompatibilityService.gd"""
scripts/runtime/MoveRuntimeCompatibilityService.gd,4,res://scripts/battle/opcode/DefaultOpcodeRegistryFactory.gd,res://,"""res://scripts/battle/opcode/DefaultOpcodeRegistryFactory.gd"""
scripts/runtime/KyokoroEffectDisplayAuditService.gd,5,res://scripts/content/MoveCardAuthoringService.gd,res://,"""res://scripts/content/MoveCardAuthoringService.gd"""
scripts/runtime/CanonicalRuntimeCompletionAuditService.gd,5,res://scripts/content/MoveCardAuthoringService.gd,res://,"""res://scripts/content/MoveCardAuthoringService.gd"""
scripts/draft/MoveDraftProvider.gd,4,res://scripts/draft/MoveDraftData.gd,res://,"""res://scripts/draft/MoveDraftData.gd"""
scripts/draft/MoveDraftProvider.gd,7,res://scripts/draft/MoveDraftSaveService.gd,res://,"""res://scripts/draft/MoveDraftSaveService.gd"""
scripts/draft/MoveDraftProvider.gd,10,res://scripts/draft/MoveDraftValidator.gd,res://,"""res://scripts/draft/MoveDraftValidator.gd"""
scripts/draft/MoveDraftProvider.gd,13,res://scripts/loadout/PlayerBattleLoadoutProvider.gd,res://,"""res://scripts/loadout/PlayerBattleLoadoutProvider.gd"""
scripts/draft/MoveDraftProvider.gd,16,user://player_move_builder_draft.json,user://,"const DRAFT_PATH: String = ""user://player_move_builder_draft.json"""
scripts/draft/MoveDraftData.gd,4,res://scripts/draft/BuilderDraftData.gd,res://,"""res://scripts/draft/BuilderDraftData.gd"""
scripts/draft/MoveDraftSaveService.gd,4,res://scripts/draft/MoveDraftData.gd,res://,"""res://scripts/draft/MoveDraftData.gd"""
scripts/draft/MoveDraftApplyService.gd,5,res://scripts/loadout/PlayerBattleLoadoutProvider.gd,res://,"""res://scripts/loadout/PlayerBattleLoadoutProvider.gd"""
scripts/draft/MoveDraftApplyService.gd,8,res://scripts/loadout/PlayerBattleLoadoutSaveService.gd,res://,"""res://scripts/loadout/PlayerBattleLoadoutSaveService.gd"""
scripts/draft/MoveDraftApplyService.gd,11,res://scripts/loadout/MoveSelectionValidator.gd,res://,"""res://scripts/loadout/MoveSelectionValidator.gd"""
scripts/draft/MoveDraftApplyService.gd,14,res://scripts/draft/MoveDraftProvider.gd,res://,"""res://scripts/draft/MoveDraftProvider.gd"""
scripts/team_builder/AITeamBuilder.gd,5,res://scripts/team_builder/TeamBuilderService.gd,res://,"""res://scripts/team_builder/TeamBuilderService.gd"""
scripts/team_builder/TeamBuilderService.gd,5,res://scripts/team_builder/data/PlayerLoadoutData.gd,res://,"""res://scripts/team_builder/data/PlayerLoadoutData.gd"""
scripts/team_builder/TeamBuilderService.gd,9,res://scripts/team_builder/data/EnergyDieConfigData.gd,res://,"""res://scripts/team_builder/data/EnergyDieConfigData.gd"""
scripts/team_builder/TeamBuilderService.gd,13,res://scripts/team_builder/TeamBuilderValidator.gd,res://,"""res://scripts/team_builder/TeamBuilderValidator.gd"""
scripts/team_builder/StructuredEnergyDiceService.gd,5,res://scripts/dice/setup/EnergyDiceSetupValidator.gd,res://,"""res://scripts/dice/setup/EnergyDiceSetupValidator.gd"""
scripts/team_builder/StructuredEnergyDiceService.gd,8,res://scripts/dice/setup/EnergyDiceSetupAdapter.gd,res://,"""res://scripts/dice/setup/EnergyDiceSetupAdapter.gd"""
scripts/team_builder/StructuredEnergyDiceService.gd,11,res://scripts/team_builder/EnergyDieCompatibilityValidator.gd,res://,"""res://scripts/team_builder/EnergyDieCompatibilityValidator.gd"""
scripts/team_builder/TeamBuilderValidator.gd,5,res://scripts/team_builder/data/PlayerLoadoutData.gd,res://,"""res://scripts/team_builder/data/PlayerLoadoutData.gd"""
scripts/localization/LocalizationService.gd,8,user://user_database/language,user://,"""user://user_database/language"""
scripts/localization/LocalizationService.gd,14,res://language,res://,"""res://language"""
scripts/content/UserDatabaseBootstrap.gd,5,res://scripts/content/UserDatabasePathService.gd,res://,"""res://scripts/content/UserDatabasePathService.gd"""
scripts/content/UserDatabaseBootstrap.gd,8,res://scripts/presentation/UserAssetService.gd,res://,"""res://scripts/presentation/UserAssetService.gd"""
scripts/content/UserDatabaseBootstrap.gd,11,res://scripts/content/UserDatabaseShortcutService.gd,res://,"""res://scripts/content/UserDatabaseShortcutService.gd"""
scripts/content/UserDatabaseBootstrap.gd,68,user://user_database/language,user://,"""user://user_database/language"""
scripts/content/UserDatabaseBootstrap.gd,99,res://language/,res://,"""res://language/"""
scripts/content/UserDatabasePathService.gd,4,res://scripts/content/BuiltinDatabaseManifest.gd,res://,"const BUILTIN_MANIFEST: Script = preload(""res://scripts/content/BuiltinDatabaseManifest.gd"")"
scripts/content/UserDatabasePathService.gd,7,res://database,res://,"const BUILTIN_ROOT: String = ""res://database"""
scripts/content/UserDatabasePathService.gd,8,user://user_database,user://,"const ROOT: String = ""user://user_database"""
scripts/content/UserDatabasePathService.gd,54,user://player_energy_dice_setup.json,user://,"""user://player_energy_dice_setup.json"": PLAYER_ENERGY_DICE_PATH,"
scripts/content/UserDatabasePathService.gd,55,user://player_battle_loadout.json,user://,"""user://player_battle_loadout.json"": PLAYER_LOADOUT_PATH,"
scripts/content/UserDatabasePathService.gd,56,user://ai_battle_loadout.json,user://,"""user://ai_battle_loadout.json"": AI_LOADOUT_PATH"
scripts/content/MoveCardAuthoringService.gd,4,res://scripts/content/BuiltinDatabaseManifest.gd,res://,"const BUILTIN_MANIFEST: Script = preload(""res://scripts/content/BuiltinDatabaseManifest.gd"")"
scripts/content/MoveCardAuthoringService.gd,10,res://database/move_cards,res://,"""res://database/move_cards"""
scripts/content/MoveCardAuthoringService.gd,14,user://user_database/move_cards,user://,"""user://user_database/move_cards"""
scripts/content/MoveCardAuthoringService.gd,38,res://scripts/runtime/MoveRuntimeCompatibilityService.gd,res://,"""res://scripts/runtime/MoveRuntimeCompatibilityService.gd"""
scripts/content/MoveCardAuthoringService.gd,41,res://scripts/runtime/KyokoroOrientationMappingService.gd,res://,"""res://scripts/runtime/KyokoroOrientationMappingService.gd"""
scripts/content/PokemonAuthoringService.gd,4,res://scripts/content/BuiltinDatabaseManifest.gd,res://,"const BUILTIN_MANIFEST: Script = preload(""res://scripts/content/BuiltinDatabaseManifest.gd"")"
scripts/content/PokemonAuthoringService.gd,10,res://scripts/dice/setup/PokemonDefaultDiceGenerator.gd,res://,"""res://scripts/dice/setup/PokemonDefaultDiceGenerator.gd"""
scripts/content/PokemonAuthoringService.gd,14,res://database/pokemon,res://,"""res://database/pokemon"""
scripts/content/PokemonAuthoringService.gd,18,user://user_database/pokemon,user://,"""user://user_database/pokemon"""
scripts/content/PokemonAuthoringService.gd,22,res://database/kyokoro_profiles,res://,"""res://database/kyokoro_profiles"""
scripts/content/PokemonAuthoringService.gd,26,user://user_database/kyokoro_profiles,user://,"""user://user_database/kyokoro_profiles"""
scripts/content/PokemonAuthoringService.gd,30,user://user_database/move_cards,user://,"""user://user_database/move_cards"","
scripts/content/PokemonAuthoringService.gd,31,res://database/move_cards,res://,"""res://database/move_cards"","
scripts/content/PokemonAuthoringService.gd,32,res://database/moves,res://,"""res://database/moves"""
scripts/content/PokemonAuthoringService.gd,316,user://user_database/dice_setups,user://,"""user://user_database/dice_setups"""
scripts/content/PokemonAuthoringService.gd,396,user://user_database/move_cards,user://,"for move_id: String in _list_json_ids(""user://user_database/move_cards""):"
scripts/content/PokemonAuthoringService.gd,400,res://database/moves,res://,"for move_id: String in _list_json_ids(""res://database/moves""):"
scripts/content/PokemonMoveReferenceService.gd,5,res://scripts/content/PokemonAuthoringService.gd,res://,"""res://scripts/content/PokemonAuthoringService.gd"""
scripts/content/MoveEditorContextService.gd,3,user://move_editor_context.json,user://,"const CONTEXT_PATH: String = ""user://move_editor_context.json"""
scripts/content/ContentCloneService.gd,3,res://scripts/content/PokemonAuthoringService.gd,res://,"const POKEMON: Script = preload(""res://scripts/content/PokemonAuthoringService.gd"")"
scripts/content/ContentCloneService.gd,4,res://scripts/content/MoveCardAuthoringService.gd,res://,"const MOVE: Script = preload(""res://scripts/content/MoveCardAuthoringService.gd"")"
scripts/content/ContentCloneService.gd,5,res://scripts/content/KyokoroProfileAuthoringService.gd,res://,"const KYOKORO: Script = preload(""res://scripts/content/KyokoroProfileAuthoringService.gd"")"
scripts/content/ContentDatabaseIntegrityService.gd,5,res://scripts/content/PokemonAuthoringService.gd,res://,"""res://scripts/content/PokemonAuthoringService.gd"""
scripts/content/ContentDatabaseIntegrityService.gd,8,res://scripts/content/KyokoroProfileAuthoringService.gd,res://,"""res://scripts/content/KyokoroProfileAuthoringService.gd"""
scripts/content/ContentDatabaseIntegrityService.gd,11,res://scripts/content/MoveCardAuthoringService.gd,res://,"""res://scripts/content/MoveCardAuthoringService.gd"""
scripts/content/ContentDatabaseIntegrityService.gd,14,res://scripts/dice/setup/PokemonDefaultDiceGenerator.gd,res://,"""res://scripts/dice/setup/PokemonDefaultDiceGenerator.gd"""
scripts/content/ContentPlaytestBridgeService.gd,5,res://scripts/loadout/PlayerBattleLoadoutData.gd,res://,"""res://scripts/loadout/PlayerBattleLoadoutData.gd"""
scripts/content/ContentPlaytestBridgeService.gd,8,res://scripts/loadout/PlayerBattleLoadoutSaveService.gd,res://,"""res://scripts/loadout/PlayerBattleLoadoutSaveService.gd"""
scripts/content/ContentPlaytestBridgeService.gd,11,res://scripts/dice/setup/EnergyDiceSetupLoader.gd,res://,"""res://scripts/dice/setup/EnergyDiceSetupLoader.gd"""
scripts/content/ContentPlaytestBridgeService.gd,14,res://scripts/dice/setup/EnergyDiceSetupSaveService.gd,res://,"""res://scripts/dice/setup/EnergyDiceSetupSaveService.gd"""
scripts/content/ContentPlaytestBridgeService.gd,17,res://scripts/content/MoveCardAuthoringService.gd,res://,"""res://scripts/content/MoveCardAuthoringService.gd"""
scripts/content/ContentPlaytestBridgeService.gd,20,res://scripts/content/PokemonAuthoringService.gd,res://,"""res://scripts/content/PokemonAuthoringService.gd"""
scripts/content/ContentPlaytestBridgeService.gd,23,res://scripts/loadout/AIBattleLoadoutData.gd,res://,"""res://scripts/loadout/AIBattleLoadoutData.gd"""
scripts/content/ContentPlaytestBridgeService.gd,26,res://scripts/loadout/AIBattleLoadoutSaveService.gd,res://,"""res://scripts/loadout/AIBattleLoadoutSaveService.gd"""
scripts/content/ContentPlaytestBridgeService.gd,31,user://user_database/loadouts/player_battle_loadout.json,user://,"""user://user_database/loadouts/player_battle_loadout.json"""
scripts/content/ContentPlaytestBridgeService.gd,35,user://user_database/loadouts/ai_battle_loadout.json,user://,"""user://user_database/loadouts/ai_battle_loadout.json"""
scripts/content/ContentPlaytestBridgeService.gd,39,res://database/dice_setups,res://,"""res://database/dice_setups"""
scripts/content/ContentPlaytestBridgeService.gd,43,user://user_database/dice_setups,user://,"""user://user_database/dice_setups"""
scripts/content/ContentPlaytestBridgeService.gd,47,user://user_database/dice_setups/player_energy_dice_setup.json,user://,"""user://user_database/dice_setups/player_energy_dice_setup.json"""
scripts/content/ContentPlaytestBridgeService.gd,51,res://database/dice_setups/pikachu_default.json,res://,"""res://database/dice_setups/pikachu_default.json"""
scripts/content/UserDatabaseShortcutService.gd,4,user://user_database,user://,"const USER_DATABASE_ROOT: String = ""user://user_database"""
scripts/content/ContentDataSourceService.gd,3,res://scripts/content/BuiltinDatabaseManifest.gd,res://,"const BUILTIN_MANIFEST: Script = preload(""res://scripts/content/BuiltinDatabaseManifest.gd"")"
scripts/content/ContentDataSourceService.gd,18,user://user_database/%s/%s.json,user://,"var user_path: String = ""user://user_database/%s/%s.json"" % [directory, normalized_id]"
scripts/content/ContentDataSourceService.gd,19,res://database/%s/%s.json,res://,"var builtin_path: String = ""res://database/%s/%s.json"" % [directory, normalized_id]"
scripts/content/ContentDeleteService.gd,5,res://scripts/content/PokemonAuthoringService.gd,res://,"""res://scripts/content/PokemonAuthoringService.gd"""
scripts/content/ContentDeleteService.gd,8,res://scripts/content/MoveCardAuthoringService.gd,res://,"""res://scripts/content/MoveCardAuthoringService.gd"""
scripts/content/ContentDeleteService.gd,11,res://scripts/content/KyokoroProfileAuthoringService.gd,res://,"""res://scripts/content/KyokoroProfileAuthoringService.gd"""
scripts/content/ContentDeleteService.gd,20,user://user_database/loadouts/player_battle_loadout.json,user://,"""user://user_database/loadouts/player_battle_loadout.json"""
scripts/content/ContentDeleteService.gd,23,user://user_database/loadouts/ai_battle_loadout.json,user://,"""user://user_database/loadouts/ai_battle_loadout.json"""
scripts/content/ContentDeleteService.gd,223,user://user_database/pokemon/,user://,"var user_path: String = ""user://user_database/pokemon/"" + pokemon_id + "".json"""
scripts/content/ContentDeleteService.gd,256,user://user_database/pokemon/,user://,"""user://user_database/pokemon/"""
scripts/content/ContentDeleteService.gd,290,user://user_database/move_cards/,user://,"var user_path: String = ""user://user_database/move_cards/"" + move_id + "".json"""
scripts/content/ContentDeleteService.gd,335,user://user_database/move_cards/,user://,"""user://user_database/move_cards/"""
scripts/content/ContentDeleteService.gd,359,user://user_database/kyokoro_profiles/,user://,"var user_path: String = ""user://user_database/kyokoro_profiles/"" + profile_id + "".json"""
scripts/content/ContentDeleteService.gd,387,user://user_database/kyokoro_profiles/,user://,"""user://user_database/kyokoro_profiles/"""
scripts/content/ContentDeleteService.gd,410,user://user_database/kyokoro_profiles/,user://,"""user://user_database/kyokoro_profiles/"""
scripts/content/KyokoroProfileAuthoringService.gd,4,res://scripts/content/BuiltinDatabaseManifest.gd,res://,"const BUILTIN_MANIFEST: Script = preload(""res://scripts/content/BuiltinDatabaseManifest.gd"")"
scripts/content/KyokoroProfileAuthoringService.gd,10,res://database/kyokoro_profiles,res://,"""res://database/kyokoro_profiles"""
scripts/content/KyokoroProfileAuthoringService.gd,14,user://user_database/kyokoro_profiles,user://,"""user://user_database/kyokoro_profiles"""
scripts/content/EnergyDiceDatabasePathService.gd,5,res://database/dice_setups,res://,"""res://database/dice_setups"""
scripts/content/EnergyDiceDatabasePathService.gd,9,user://user_database/dice_setups,user://,"""user://user_database/dice_setups"""
scripts/tests/Milestone1211eLocalizationCoverageFinalRegressionTest.gd,5,res://scenes/ui/EnergyDiceVisualBuilderUI.tscn,res://,"""res://scenes/ui/EnergyDiceVisualBuilderUI.tscn"""
scripts/tests/Milestone1211eLocalizationCoverageFinalRegressionTest.gd,8,res://scenes/ui/components/ModelWeightGeneratorPanel.tscn,res://,"""res://scenes/ui/components/ModelWeightGeneratorPanel.tscn"""
scripts/tests/Milestone1211cModelWeightIntegrationRegressionTest.gd,5,res://scripts/content/KyokoroProfileAuthoringService.gd,res://,"""res://scripts/content/KyokoroProfileAuthoringService.gd"""
scripts/tests/Milestone1211cModelWeightIntegrationRegressionTest.gd,8,res://scripts/content/PokemonAuthoringService.gd,res://,"""res://scripts/content/PokemonAuthoringService.gd"""
scripts/tests/Milestone1211cModelWeightIntegrationRegressionTest.gd,11,res://scripts/database/DatabaseService.gd,res://,"""res://scripts/database/DatabaseService.gd"""
scripts/tests/Milestone1211cModelWeightIntegrationRegressionTest.gd,14,res://scenes/ui/components/ModelWeightGeneratorPanel.tscn,res://,"""res://scenes/ui/components/ModelWeightGeneratorPanel.tscn"""
scripts/tests/Milestone1211cModelWeightIntegrationRegressionTest.gd,20,user://user_database/kyokoro_profiles/,user://,"""user://user_database/kyokoro_profiles/"""
scripts/tests/Milestone1211cModelWeightIntegrationRegressionTest.gd,26,user://user_database/pokemon/,user://,"""user://user_database/pokemon/"""
scripts/tests/Milestone1211cModelWeightIntegrationRegressionTest.gd,62,user://user_database/kyokoro_profiles,user://,"== ""user://user_database/kyokoro_profiles"","
scripts/tests/Milestone1211eModelWeightUnsavedGuardRegressionTest.gd,5,res://scenes/ui/PlakoroContentStudioUI.tscn,res://,"""res://scenes/ui/PlakoroContentStudioUI.tscn"""
scripts/tests/Milestone1211eLocalizationUIRegressionTest.gd,5,res://scenes/ui/BattlePreparationUI.tscn,res://,"""res://scenes/ui/BattlePreparationUI.tscn"""
scripts/tests/Milestone1211eLocalizationUIRegressionTest.gd,8,res://scenes/ui/BattleGameUI.tscn,res://,"""res://scenes/ui/BattleGameUI.tscn"""
scripts/tests/Milestone1211eLocalizationUIRegressionTest.gd,11,res://scenes/ui/PlakoroContentStudioUI.tscn,res://,"""res://scenes/ui/PlakoroContentStudioUI.tscn"""
scripts/tests/Milestone1211dLocalizationFoundationRegressionTest.gd,5,res://scripts/localization/LocalizationService.gd,res://,"""res://scripts/localization/LocalizationService.gd"""
scripts/tests/Milestone1211dLocalizationFoundationRegressionTest.gd,10,user://user_database/language/m12_test.json,user://,"""user://user_database/language/m12_test.json"""
scripts/tests/Milestone1211dLocalizationFoundationRegressionTest.gd,13,user://user_database/language/_settings.json,user://,"""user://user_database/language/_settings.json"""
scripts/tests/Milestone1211dLocalizationFoundationRegressionTest.gd,105,user://user_database/language,user://,"""user://user_database/language"""
scripts/loadout/RuntimePlayerLoadoutBuilder.gd,5,res://scripts/team_builder/TeamBuilderService.gd,res://,"""res://scripts/team_builder/TeamBuilderService.gd"""
scripts/loadout/RuntimePlayerLoadoutBuilder.gd,8,res://scripts/team_builder/StructuredEnergyDiceService.gd,res://,"""res://scripts/team_builder/StructuredEnergyDiceService.gd"""
scripts/loadout/RuntimePlayerLoadoutBuilder.gd,11,res://scripts/loadout/PlayerBattleLoadoutValidator.gd,res://,"""res://scripts/loadout/PlayerBattleLoadoutValidator.gd"""
scripts/loadout/AIBattleLoadoutData.gd,5,res://scripts/dice/setup/EnergyDiceSetupData.gd,res://,"""res://scripts/dice/setup/EnergyDiceSetupData.gd"""
scripts/loadout/PlayerBattleLoadoutProvider.gd,5,res://scripts/loadout/PlayerBattleLoadoutData.gd,res://,"""res://scripts/loadout/PlayerBattleLoadoutData.gd"""
scripts/loadout/PlayerBattleLoadoutProvider.gd,8,res://scripts/loadout/PlayerBattleLoadoutSaveService.gd,res://,"""res://scripts/loadout/PlayerBattleLoadoutSaveService.gd"""
scripts/loadout/PlayerBattleLoadoutProvider.gd,11,res://scripts/dice/setup/EnergyDiceSetupLoader.gd,res://,"""res://scripts/dice/setup/EnergyDiceSetupLoader.gd"""
scripts/loadout/PlayerBattleLoadoutProvider.gd,14,res://scripts/dice/setup/EnergyDiceSetupSaveService.gd,res://,"""res://scripts/dice/setup/EnergyDiceSetupSaveService.gd"""
scripts/loadout/PlayerBattleLoadoutProvider.gd,17,res://scripts/content/UserDatabasePathService.gd,res://,"""res://scripts/content/UserDatabasePathService.gd"""
scripts/loadout/PlayerBattleLoadoutProvider.gd,22,user://user_database/loadouts/player_battle_loadout.json,user://,"""user://user_database/loadouts/player_battle_loadout.json"""
scripts/loadout/PlayerBattleLoadoutProvider.gd,26,user://user_database/dice_setups/player_energy_dice_setup.json,user://,"""user://user_database/dice_setups/player_energy_dice_setup.json"""
scripts/loadout/PlayerBattleLoadoutProvider.gd,30,res://database/dice_setups/pikachu_default.json,res://,"""res://database/dice_setups/pikachu_default.json"""
scripts/loadout/RuntimeAILoadoutBuilder.gd,5,res://scripts/team_builder/TeamBuilderService.gd,res://,"""res://scripts/team_builder/TeamBuilderService.gd"""
scripts/loadout/RuntimeAILoadoutBuilder.gd,8,res://scripts/team_builder/StructuredEnergyDiceService.gd,res://,"""res://scripts/team_builder/StructuredEnergyDiceService.gd"""
scripts/loadout/RuntimeAILoadoutBuilder.gd,11,res://scripts/loadout/AIBattleLoadoutValidator.gd,res://,"""res://scripts/loadout/AIBattleLoadoutValidator.gd"""
scripts/loadout/AIBattleLoadoutSaveService.gd,5,res://scripts/loadout/AIBattleLoadoutData.gd,res://,"""res://scripts/loadout/AIBattleLoadoutData.gd"""
scripts/loadout/AIBattleLoadoutProvider.gd,5,res://scripts/loadout/AIBattleLoadoutData.gd,res://,"""res://scripts/loadout/AIBattleLoadoutData.gd"""
scripts/loadout/AIBattleLoadoutProvider.gd,8,res://scripts/loadout/AIBattleLoadoutSaveService.gd,res://,"""res://scripts/loadout/AIBattleLoadoutSaveService.gd"""
scripts/loadout/AIBattleLoadoutProvider.gd,11,res://scripts/dice/setup/EnergyDiceSetupLoader.gd,res://,"""res://scripts/dice/setup/EnergyDiceSetupLoader.gd"""
scripts/loadout/AIBattleLoadoutProvider.gd,14,res://scripts/content/UserDatabasePathService.gd,res://,"""res://scripts/content/UserDatabasePathService.gd"""
scripts/loadout/AIBattleLoadoutProvider.gd,19,user://user_database/loadouts/ai_battle_loadout.json,user://,"""user://user_database/loadouts/ai_battle_loadout.json"""
scripts/loadout/AIBattleLoadoutProvider.gd,23,res://database/dice_setups/squirtle_default.json,res://,"""res://database/dice_setups/squirtle_default.json"""
scripts/loadout/AIBattleLoadoutValidator.gd,5,res://scripts/loadout/PlayerBattleLoadoutValidator.gd,res://,"""res://scripts/loadout/PlayerBattleLoadoutValidator.gd"""
scripts/loadout/PlayerBattleLoadoutBootstrap.gd,5,res://scripts/loadout/PlayerBattleLoadoutProvider.gd,res://,"""res://scripts/loadout/PlayerBattleLoadoutProvider.gd"""
scripts/loadout/PlayerBattleLoadoutBootstrap.gd,8,res://scripts/loadout/PlayerBattleLoadoutSaveService.gd,res://,"""res://scripts/loadout/PlayerBattleLoadoutSaveService.gd"""
scripts/loadout/PlayerBattleLoadoutValidator.gd,5,res://scripts/dice/setup/EnergyDiceSetupValidator.gd,res://,"""res://scripts/dice/setup/EnergyDiceSetupValidator.gd"""
scripts/loadout/PlayerBattleLoadoutSaveService.gd,5,res://scripts/loadout/PlayerBattleLoadoutData.gd,res://,"""res://scripts/loadout/PlayerBattleLoadoutData.gd"""
scripts/loadout/PlayerBattleLoadoutData.gd,5,res://scripts/dice/setup/EnergyDiceSetupData.gd,res://,"""res://scripts/dice/setup/EnergyDiceSetupData.gd"""
scripts/ai/AIMoveEvaluator.gd,5,res://scripts/ai/data/AIMoveEvaluationData.gd,res://,"""res://scripts/ai/data/AIMoveEvaluationData.gd"""
scripts/ai/AIMoveEvaluator.gd,8,res://scripts/dice/DiceEngine.gd,res://,"""res://scripts/dice/DiceEngine.gd"""
scripts/ai/AIMoveEvaluator.gd,11,res://scripts/battle/EnergyResolver.gd,res://,"""res://scripts/battle/EnergyResolver.gd"""
scripts/ai/AIMoveEvaluator.gd,14,res://scripts/ai/AIEffectEstimator.gd,res://,"""res://scripts/ai/AIEffectEstimator.gd"""
scripts/ai/AITurnService.gd,5,res://scripts/ai/AIDecisionEngine.gd,res://,"""res://scripts/ai/AIDecisionEngine.gd"""
scripts/ai/AITurnService.gd,8,res://scripts/dice/DiceEngine.gd,res://,"""res://scripts/dice/DiceEngine.gd"""
scripts/ai/AITurnService.gd,11,res://scripts/battle/status/StatusResolver.gd,res://,"""res://scripts/battle/status/StatusResolver.gd"""
scripts/ai/AITurnService.gd,14,res://scripts/battle/special/SpecialKyokoroSequenceService.gd,res://,"""res://scripts/battle/special/SpecialKyokoroSequenceService.gd"""
scripts/ai/AITurnService.gd,17,res://scripts/battle/special/SpecialMoveSelectionService.gd,res://,"""res://scripts/battle/special/SpecialMoveSelectionService.gd"""
scripts/ai/AITurnService.gd,20,res://scripts/battle/special/SpecialOpponentEnerkoroService.gd,res://,"""res://scripts/battle/special/SpecialOpponentEnerkoroService.gd"""
scripts/ai/AITurnService.gd,23,res://scripts/battle/EnergyResolver.gd,res://,"""res://scripts/battle/EnergyResolver.gd"""
scripts/ai/AIDecisionEngine.gd,5,res://scripts/ai/data/AIDecisionData.gd,res://,"""res://scripts/ai/data/AIDecisionData.gd"""
scripts/ai/AIDecisionEngine.gd,8,res://scripts/ai/AIMoveEvaluator.gd,res://,"""res://scripts/ai/AIMoveEvaluator.gd"""
scripts/battle/EnergyResolver.gd,5,res://scripts/battle/EnergyCostMatcher.gd,res://,"""res://scripts/battle/EnergyCostMatcher.gd"""
scripts/battle/WeaknessResolver.gd,5,res://scripts/battle/status/StatusResolver.gd,res://,"""res://scripts/battle/status/StatusResolver.gd"""
scripts/battle/BattleController.gd,5,res://scripts/battle/data/BattleStateData.gd,res://,"""res://scripts/battle/data/BattleStateData.gd"""
scripts/battle/BattleController.gd,8,res://scripts/battle/data/BattleParticipantData.gd,res://,"""res://scripts/battle/data/BattleParticipantData.gd"""
scripts/battle/BattleController.gd,11,res://scripts/battle/data/BattleTurnResultData.gd,res://,"""res://scripts/battle/data/BattleTurnResultData.gd"""
scripts/battle/BattleController.gd,14,res://scripts/battle/history/BattleTurnHistoryRecord.gd,res://,"""res://scripts/battle/history/BattleTurnHistoryRecord.gd"""
scripts/battle/BattleController.gd,17,res://scripts/battle/data/DamageContextData.gd,res://,"""res://scripts/battle/data/DamageContextData.gd"""
scripts/battle/BattleController.gd,20,res://scripts/battle/commands/CommandQueueData.gd,res://,"""res://scripts/battle/commands/CommandQueueData.gd"""
scripts/battle/BattleController.gd,23,res://scripts/battle/commands/BattleCommandFactory.gd,res://,"""res://scripts/battle/commands/BattleCommandFactory.gd"""
scripts/battle/BattleController.gd,26,res://scripts/battle/commands/BattleCommandExecutor.gd,res://,"""res://scripts/battle/commands/BattleCommandExecutor.gd"""
scripts/battle/BattleController.gd,29,res://scripts/battle/events/BattleEventBus.gd,res://,"""res://scripts/battle/events/BattleEventBus.gd"""
scripts/battle/BattleController.gd,32,res://scripts/battle/EnergyResolver.gd,res://,"""res://scripts/battle/EnergyResolver.gd"""
scripts/battle/BattleController.gd,35,res://scripts/battle/WeaknessResolver.gd,res://,"""res://scripts/battle/WeaknessResolver.gd"""
scripts/battle/BattleController.gd,38,res://scripts/battle/OutcomeResolver.gd,res://,"""res://scripts/battle/OutcomeResolver.gd"""
scripts/battle/BattleController.gd,41,res://scripts/battle/status/StatusResolver.gd,res://,"""res://scripts/battle/status/StatusResolver.gd"""
scripts/battle/BattleController.gd,44,res://scripts/battle/opcode/OpcodeCompiler.gd,res://,"""res://scripts/battle/opcode/OpcodeCompiler.gd"""
scripts/battle/BattleController.gd,47,res://scripts/battle/opcode/DefaultOpcodeRegistryFactory.gd,res://,"""res://scripts/battle/opcode/DefaultOpcodeRegistryFactory.gd"""
scripts/battle/BattleController.gd,50,res://scripts/battle/BattleLogger.gd,res://,"""res://scripts/battle/BattleLogger.gd"""
scripts/battle/BattleController.gd,53,res://scripts/battle/rules/BattleRulePipeline.gd,res://,"""res://scripts/battle/rules/BattleRulePipeline.gd"""
scripts/battle/BattleController.gd,56,res://scripts/battle/special/SpecialKyokoroSequenceService.gd,res://,"""res://scripts/battle/special/SpecialKyokoroSequenceService.gd"""
scripts/battle/BattleController.gd,59,res://scripts/battle/special/SpecialMoveSelectionService.gd,res://,"""res://scripts/battle/special/SpecialMoveSelectionService.gd"""
scripts/battle/BattleController.gd,62,res://scripts/battle/special/SpecialOpponentEnerkoroService.gd,res://,"""res://scripts/battle/special/SpecialOpponentEnerkoroService.gd"""
scripts/battle/BattleController.gd,65,res://scripts/battle/effects/PreviousMoveConditionalEffectService.gd,res://,"""res://scripts/battle/effects/PreviousMoveConditionalEffectService.gd"""
scripts/battle/BattleController.gd,68,res://scripts/battle/effects/BattleEffectLifecycleCoordinator.gd,res://,"""res://scripts/battle/effects/BattleEffectLifecycleCoordinator.gd"""
scripts/battle/BattleController.gd,71,res://scripts/presentation/BattleResolutionEventBuilder.gd,res://,"""res://scripts/presentation/BattleResolutionEventBuilder.gd"""
scripts/battle/BattleController.gd,1021,res://scripts/battle/data/DiceRollResultData.gd,res://,"""res://scripts/battle/data/DiceRollResultData.gd"""
scripts/battle/status/StatusContainerData.gd,5,res://scripts/battle/status/StatusEffectData.gd,res://,"""res://scripts/battle/status/StatusEffectData.gd"""
scripts/battle/status/StatusContainerData.gd,8,res://scripts/battle/status/StatusLifecycleService.gd,res://,"""res://scripts/battle/status/StatusLifecycleService.gd"""
scripts/battle/data/BattleParticipantData.gd,5,res://scripts/battle/status/StatusContainerData.gd,res://,"""res://scripts/battle/status/StatusContainerData.gd"""
scripts/battle/data/BattleParticipantData.gd,8,res://scripts/battle/status/StatusResolver.gd,res://,"""res://scripts/battle/status/StatusResolver.gd"""
scripts/battle/data/BattleParticipantData.gd,11,res://scripts/battle/effects/BattleEffectContainerData.gd,res://,"""res://scripts/battle/effects/BattleEffectContainerData.gd"""
scripts/battle/events/BattleEventBus.gd,5,res://scripts/battle/events/BattleEventData.gd,res://,"""res://scripts/battle/events/BattleEventData.gd"""
scripts/battle/commands/BattleCommandFactory.gd,5,res://scripts/battle/commands/BattleCommandData.gd,res://,"""res://scripts/battle/commands/BattleCommandData.gd"""
scripts/battle/opcode/OpcodeCompiler.gd,5,res://scripts/battle/opcode/OpcodeContext.gd,res://,"""res://scripts/battle/opcode/OpcodeContext.gd"""
scripts/battle/opcode/OpcodePluginManager.gd,5,res://scripts/battle/opcode/OpcodeRegistry.gd,res://,"""res://scripts/battle/opcode/OpcodeRegistry.gd"""
scripts/battle/opcode/OpcodePluginManager.gd,9,res://scripts/battle/opcode/OpcodePluginDiscovery.gd,res://,"""res://scripts/battle/opcode/OpcodePluginDiscovery.gd"""
scripts/battle/opcode/OpcodePluginManager.gd,14,res://scripts/battle/opcode/handlers,res://,"""res://scripts/battle/opcode/handlers"""
scripts/battle/opcode/OpcodePluginManager.gd,23,res://scripts/battle/opcode/handlers,res://,"""res://scripts/battle/opcode/handlers"""
scripts/battle/opcode/DefaultOpcodeRegistryFactory.gd,5,res://scripts/battle/opcode/OpcodePluginManager.gd,res://,"""res://scripts/battle/opcode/OpcodePluginManager.gd"""
scripts/battle/opcode/DefaultOpcodeRegistryFactory.gd,10,res://scripts/battle/opcode/handlers,res://,"""res://scripts/battle/opcode/handlers"""
scripts/battle/opcode/OpcodePluginDiscovery.gd,5,res://scripts/battle/opcode/OpcodePluginDescriptor.gd,res://,"""res://scripts/battle/opcode/OpcodePluginDescriptor.gd"""
scripts/battle/opcode/OpcodePluginDiscovery.gd,9,res://scripts/battle/opcode/DefaultOpcodeHandlerManifest.gd,res://,"""res://scripts/battle/opcode/DefaultOpcodeHandlerManifest.gd"""
scripts/battle/opcode/OpcodePluginDiscovery.gd,13,res://scripts/battle/opcode/handlers,res://,"""res://scripts/battle/opcode/handlers"""
scripts/battle/opcode/DefaultOpcodeHandlerManifest.gd,10,res://scripts/battle/opcode/handlers/battle/TurnEndHandler.gd,res://,"preload(""res://scripts/battle/opcode/handlers/battle/TurnEndHandler.gd""),"
scripts/battle/opcode/DefaultOpcodeHandlerManifest.gd,11,res://scripts/battle/opcode/handlers/condition/ConditionIfHandler.gd,res://,"preload(""res://scripts/battle/opcode/handlers/condition/ConditionIfHandler.gd""),"
scripts/battle/opcode/DefaultOpcodeHandlerManifest.gd,12,res://scripts/battle/opcode/handlers/damage/DamageAddHandler.gd,res://,"preload(""res://scripts/battle/opcode/handlers/damage/DamageAddHandler.gd""),"
scripts/battle/opcode/DefaultOpcodeHandlerManifest.gd,13,res://scripts/battle/opcode/handlers/damage/DamageAddPerEnergyHandler.gd,res://,"preload(""res://scripts/battle/opcode/handlers/damage/DamageAddPerEnergyHandler.gd""),"
scripts/battle/opcode/DefaultOpcodeHandlerManifest.gd,14,res://scripts/battle/opcode/handlers/damage/DamageCopyPreviousOpponentMoveHandler.gd,res://,"preload(""res://scripts/battle/opcode/handlers/damage/DamageCopyPreviousOpponentMoveHandler.gd""),"
scripts/battle/opcode/DefaultOpcodeHandlerManifest.gd,15,res://scripts/battle/opcode/handlers/damage/DamageCreateHandler.gd,res://,"preload(""res://scripts/battle/opcode/handlers/damage/DamageCreateHandler.gd""),"
scripts/battle/opcode/DefaultOpcodeHandlerManifest.gd,16,res://scripts/battle/opcode/handlers/damage/DamageDealHandler.gd,res://,"preload(""res://scripts/battle/opcode/handlers/damage/DamageDealHandler.gd""),"
scripts/battle/opcode/DefaultOpcodeHandlerManifest.gd,17,res://scripts/battle/opcode/handlers/damage/DamageMultiplyHandler.gd,res://,"preload(""res://scripts/battle/opcode/handlers/damage/DamageMultiplyHandler.gd""),"
scripts/battle/opcode/DefaultOpcodeHandlerManifest.gd,18,res://scripts/battle/opcode/handlers/damage/DamageRecoilHandler.gd,res://,"preload(""res://scripts/battle/opcode/handlers/damage/DamageRecoilHandler.gd""),"
scripts/battle/opcode/DefaultOpcodeHandlerManifest.gd,19,res://scripts/battle/opcode/handlers/damage/DamageSetHandler.gd,res://,"preload(""res://scripts/battle/opcode/handlers/damage/DamageSetHandler.gd""),"
scripts/battle/opcode/DefaultOpcodeHandlerManifest.gd,20,res://scripts/battle/opcode/handlers/dice/EnergyDiceModifyHandler.gd,res://,"preload(""res://scripts/battle/opcode/handlers/dice/EnergyDiceModifyHandler.gd""),"
scripts/battle/opcode/DefaultOpcodeHandlerManifest.gd,21,res://scripts/battle/opcode/handlers/hp/HpRestoreHandler.gd,res://,"preload(""res://scripts/battle/opcode/handlers/hp/HpRestoreHandler.gd""),"
scripts/battle/opcode/DefaultOpcodeHandlerManifest.gd,22,res://scripts/battle/opcode/handlers/move/MoveLockHandler.gd,res://,"preload(""res://scripts/battle/opcode/handlers/move/MoveLockHandler.gd""),"
scripts/battle/opcode/DefaultOpcodeHandlerManifest.gd,23,res://scripts/battle/opcode/handlers/move/MoveRepeatPermissionHandler.gd,res://,"preload(""res://scripts/battle/opcode/handlers/move/MoveRepeatPermissionHandler.gd""),"
scripts/battle/opcode/DefaultOpcodeHandlerManifest.gd,24,res://scripts/battle/opcode/handlers/status/IncomingDamageImmunityHandler.gd,res://,"preload(""res://scripts/battle/opcode/handlers/status/IncomingDamageImmunityHandler.gd""),"
scripts/battle/opcode/DefaultOpcodeHandlerManifest.gd,25,res://scripts/battle/opcode/handlers/status/IncomingDamageModifyHandler.gd,res://,"preload(""res://scripts/battle/opcode/handlers/status/IncomingDamageModifyHandler.gd""),"
scripts/battle/opcode/DefaultOpcodeHandlerManifest.gd,26,res://scripts/battle/opcode/handlers/status/StatusAddHandler.gd,res://,"preload(""res://scripts/battle/opcode/handlers/status/StatusAddHandler.gd""),"
scripts/battle/opcode/DefaultOpcodeHandlerManifest.gd,27,res://scripts/battle/opcode/handlers/weakness/WeaknessDisableHandler.gd,res://,"preload(""res://scripts/battle/opcode/handlers/weakness/WeaknessDisableHandler.gd""),"
scripts/battle/opcode/DefaultOpcodeHandlerManifest.gd,28,res://scripts/battle/opcode/handlers/weakness/WeaknessIgnoreCurrentHandler.gd,res://,"preload(""res://scripts/battle/opcode/handlers/weakness/WeaknessIgnoreCurrentHandler.gd"")"
scripts/battle/opcode/OpcodeRegistry.gd,5,res://scripts/content/OpcodeAuthoringMetadataCatalogue.gd,res://,"""res://scripts/content/OpcodeAuthoringMetadataCatalogue.gd"""
scripts/battle/effects/BattleEffectContainerData.gd,5,res://scripts/battle/effects/BattleEffectStateData.gd,res://,"""res://scripts/battle/effects/BattleEffectStateData.gd"""
scripts/battle/effects/BattleEffectContainerData.gd,8,res://scripts/battle/effects/BattleEffectLifecycleService.gd,res://,"""res://scripts/battle/effects/BattleEffectLifecycleService.gd"""
scripts/battle/rules/MoveRuleService.gd,5,res://scripts/battle/rules/TriggerEngine.gd,res://,"""res://scripts/battle/rules/TriggerEngine.gd"""
scripts/battle/rules/MoveRuleService.gd,8,res://scripts/battle/rules/data/RuleExecutionContext.gd,res://,"""res://scripts/battle/rules/data/RuleExecutionContext.gd"""
scripts/battle/rules/RuleParser.gd,5,res://scripts/battle/rules/data/RuleData.gd,res://,"""res://scripts/battle/rules/data/RuleData.gd"""
scripts/battle/rules/RuleParser.gd,8,res://scripts/battle/rules/data/EffectData.gd,res://,"""res://scripts/battle/rules/data/EffectData.gd"""
scripts/battle/rules/RuleAttachmentLoader.gd,5,res://scripts/battle/rules/RuleParser.gd,res://,"""res://scripts/battle/rules/RuleParser.gd"""
scripts/battle/rules/EffectCompiler.gd,5,res://scripts/data/ActionData.gd,res://,"""res://scripts/data/ActionData.gd"""
scripts/battle/rules/RuleCompiler.gd,5,res://scripts/battle/condition/ConditionEvaluator.gd,res://,"""res://scripts/battle/condition/ConditionEvaluator.gd"""
scripts/battle/rules/RuleCompiler.gd,8,res://scripts/battle/rules/EffectCompiler.gd,res://,"""res://scripts/battle/rules/EffectCompiler.gd"""
scripts/battle/rules/RuleCompiler.gd,11,res://scripts/battle/opcode/OpcodeContext.gd,res://,"""res://scripts/battle/opcode/OpcodeContext.gd"""
scripts/battle/rules/BattleRulePipeline.gd,5,res://scripts/battle/rules/MoveRuleService.gd,res://,"""res://scripts/battle/rules/MoveRuleService.gd"""
scripts/battle/rules/TriggerEngine.gd,5,res://scripts/battle/rules/RuleCompiler.gd,res://,"""res://scripts/battle/rules/RuleCompiler.gd"""
scripts/battle/condition/ConditionEvaluator.gd,5,res://scripts/battle/effects/PreviousMoveConditionalEffectService.gd,res://,"""res://scripts/battle/effects/PreviousMoveConditionalEffectService.gd"""
scripts/battle/opcode/handlers/status/IncomingDamageModifyHandler.gd,1,res://scripts/battle/opcode/OpcodeHandler.gd,res://,"extends ""res://scripts/battle/opcode/OpcodeHandler.gd"""
scripts/battle/opcode/handlers/status/IncomingDamageModifyHandler.gd,4,res://scripts/battle/commands/BattleCommandFactory.gd,res://,"""res://scripts/battle/commands/BattleCommandFactory.gd"""
scripts/battle/opcode/handlers/status/IncomingDamageImmunityHandler.gd,1,res://scripts/battle/opcode/OpcodeHandler.gd,res://,"extends ""res://scripts/battle/opcode/OpcodeHandler.gd"""
scripts/battle/opcode/handlers/status/IncomingDamageImmunityHandler.gd,4,res://scripts/battle/commands/BattleCommandFactory.gd,res://,"""res://scripts/battle/commands/BattleCommandFactory.gd"""
scripts/battle/opcode/handlers/status/StatusAddHandler.gd,1,res://scripts/battle/opcode/OpcodeHandler.gd,res://,"extends ""res://scripts/battle/opcode/OpcodeHandler.gd"""
scripts/battle/opcode/handlers/status/StatusAddHandler.gd,5,res://scripts/battle/commands/BattleCommandFactory.gd,res://,"""res://scripts/battle/commands/BattleCommandFactory.gd"""
scripts/battle/opcode/handlers/dice/EnergyDiceModifyHandler.gd,1,res://scripts/battle/opcode/OpcodeHandler.gd,res://,"extends ""res://scripts/battle/opcode/OpcodeHandler.gd"""
scripts/battle/opcode/handlers/dice/EnergyDiceModifyHandler.gd,4,res://scripts/battle/commands/BattleCommandFactory.gd,res://,"""res://scripts/battle/commands/BattleCommandFactory.gd"""
scripts/battle/opcode/handlers/weakness/WeaknessIgnoreCurrentHandler.gd,1,res://scripts/battle/opcode/OpcodeHandler.gd,res://,"extends ""res://scripts/battle/opcode/OpcodeHandler.gd"""
scripts/battle/opcode/handlers/weakness/WeaknessDisableHandler.gd,1,res://scripts/battle/opcode/OpcodeHandler.gd,res://,"extends ""res://scripts/battle/opcode/OpcodeHandler.gd"""
scripts/battle/opcode/handlers/weakness/WeaknessDisableHandler.gd,3,res://scripts/battle/commands/BattleCommandFactory.gd,res://,"const COMMAND_FACTORY: Script = preload(""res://scripts/battle/commands/BattleCommandFactory.gd"")"
scripts/battle/opcode/handlers/hp/HpRestoreHandler.gd,1,res://scripts/battle/opcode/OpcodeHandler.gd,res://,"extends ""res://scripts/battle/opcode/OpcodeHandler.gd"""
scripts/battle/opcode/handlers/hp/HpRestoreHandler.gd,3,res://scripts/battle/commands/BattleCommandFactory.gd,res://,"const COMMAND_FACTORY: Script = preload(""res://scripts/battle/commands/BattleCommandFactory.gd"")"
scripts/battle/opcode/handlers/damage/DamageDealHandler.gd,1,res://scripts/battle/opcode/OpcodeHandler.gd,res://,"extends ""res://scripts/battle/opcode/OpcodeHandler.gd"""
scripts/battle/opcode/handlers/damage/DamageDealHandler.gd,3,res://scripts/battle/commands/BattleCommandFactory.gd,res://,"const COMMAND_FACTORY: Script = preload(""res://scripts/battle/commands/BattleCommandFactory.gd"")"
scripts/battle/opcode/handlers/damage/DamageSetHandler.gd,1,res://scripts/battle/opcode/OpcodeHandler.gd,res://,"extends ""res://scripts/battle/opcode/OpcodeHandler.gd"""
scripts/battle/opcode/handlers/damage/DamageMultiplyHandler.gd,1,res://scripts/battle/opcode/OpcodeHandler.gd,res://,"extends ""res://scripts/battle/opcode/OpcodeHandler.gd"""
scripts/battle/opcode/handlers/damage/DamageCreateHandler.gd,1,res://scripts/battle/opcode/OpcodeHandler.gd,res://,"extends ""res://scripts/battle/opcode/OpcodeHandler.gd"""
scripts/battle/opcode/handlers/damage/DamageCopyPreviousOpponentMoveHandler.gd,1,res://scripts/battle/opcode/OpcodeHandler.gd,res://,"extends ""res://scripts/battle/opcode/OpcodeHandler.gd"""
scripts/battle/opcode/handlers/damage/DamageAddPerEnergyHandler.gd,1,res://scripts/battle/opcode/OpcodeHandler.gd,res://,"extends ""res://scripts/battle/opcode/OpcodeHandler.gd"""
scripts/battle/opcode/handlers/damage/DamageAddHandler.gd,1,res://scripts/battle/opcode/OpcodeHandler.gd,res://,"extends ""res://scripts/battle/opcode/OpcodeHandler.gd"""
scripts/battle/opcode/handlers/damage/DamageRecoilHandler.gd,1,res://scripts/battle/opcode/OpcodeHandler.gd,res://,"extends ""res://scripts/battle/opcode/OpcodeHandler.gd"""
scripts/battle/opcode/handlers/damage/DamageRecoilHandler.gd,4,res://scripts/battle/commands/BattleCommandFactory.gd,res://,"""res://scripts/battle/commands/BattleCommandFactory.gd"""
scripts/battle/opcode/handlers/move/MoveLockHandler.gd,1,res://scripts/battle/opcode/OpcodeHandler.gd,res://,"extends ""res://scripts/battle/opcode/OpcodeHandler.gd"""
scripts/battle/opcode/handlers/move/MoveLockHandler.gd,4,res://scripts/battle/commands/BattleCommandFactory.gd,res://,"""res://scripts/battle/commands/BattleCommandFactory.gd"""
scripts/battle/opcode/handlers/move/MoveRepeatPermissionHandler.gd,1,res://scripts/battle/opcode/OpcodeHandler.gd,res://,"extends ""res://scripts/battle/opcode/OpcodeHandler.gd"""
scripts/battle/opcode/handlers/move/MoveRepeatPermissionHandler.gd,3,res://scripts/battle/commands/BattleCommandFactory.gd,res://,"const COMMAND_FACTORY: Script = preload(""res://scripts/battle/commands/BattleCommandFactory.gd"")"
scripts/battle/opcode/handlers/condition/ConditionIfHandler.gd,1,res://scripts/battle/opcode/OpcodeHandler.gd,res://,"extends ""res://scripts/battle/opcode/OpcodeHandler.gd"""
scripts/battle/opcode/handlers/condition/ConditionIfHandler.gd,5,res://scripts/battle/condition/ConditionEvaluator.gd,res://,"""res://scripts/battle/condition/ConditionEvaluator.gd"""
scripts/battle/opcode/handlers/battle/TurnEndHandler.gd,1,res://scripts/battle/opcode/OpcodeHandler.gd,res://,"extends ""res://scripts/battle/opcode/OpcodeHandler.gd"""
scripts/team_builder/data/StructuredEnergyDieConfigData.gd,33,res://scripts/dice/setup/StructuredEnergyDieProfile.gd,res://,"""res://scripts/dice/setup/StructuredEnergyDieProfile.gd"""
scripts/team_builder/data/EnergyDieConfigData.gd,5,res://scripts/dice/EnergyDieProfileFactory.gd,res://,"""res://scripts/dice/EnergyDieProfileFactory.gd"""
scripts/presentation/timeline/BattleTimelineBuilder.gd,5,res://scripts/presentation/timeline/BattleTimelineTurnData.gd,res://,"""res://scripts/presentation/timeline/BattleTimelineTurnData.gd"""
scripts/presentation/timeline/BattleTimelineBuilder.gd,8,res://scripts/presentation/timeline/BattleTimelineEntryData.gd,res://,"""res://scripts/presentation/timeline/BattleTimelineEntryData.gd"""
scripts/presentation/timeline/BattleTimelineBuilder.gd,11,res://scripts/presentation/timeline/BattleEffectDescription.gd,res://,"""res://scripts/presentation/timeline/BattleEffectDescription.gd"""
scripts/presentation/timeline/BattleTimelineBuilder.gd,14,res://scripts/presentation/CharakoroBattleFeedbackService.gd,res://,"""res://scripts/presentation/CharakoroBattleFeedbackService.gd"""
scripts/database/parsers/KyokoroProfileParser.gd,2,res://scripts/data/KyokoroProfileData.gd,res://,"const PROFILE_DATA: Script = preload(""res://scripts/data/KyokoroProfileData.gd"")"
scripts/database/parsers/MoveCardParser.gd,5,res://scripts/data/MoveCardData.gd,res://,"""res://scripts/data/MoveCardData.gd"""
scripts/database/parsers/MoveCardParser.gd,8,res://scripts/data/EnergyCostData.gd,res://,"""res://scripts/data/EnergyCostData.gd"""
scripts/database/parsers/MoveCardParser.gd,11,res://scripts/data/ActionData.gd,res://,"""res://scripts/data/ActionData.gd"""
scripts/database/parsers/MoveCardParser.gd,14,res://scripts/data/ConditionData.gd,res://,"""res://scripts/data/ConditionData.gd"""
scripts/database/parsers/MoveCardParser.gd,17,res://scripts/data/OutcomeRuleData.gd,res://,"""res://scripts/data/OutcomeRuleData.gd"""
scripts/database/parsers/PokemonParser.gd,2,res://scripts/data/PokemonData.gd,res://,"const POKEMON_DATA: Script = preload(""res://scripts/data/PokemonData.gd"")"
scripts/database/parsers/PokemonParser.gd,3,res://scripts/data/WeaknessData.gd,res://,"const WEAKNESS_DATA: Script = preload(""res://scripts/data/WeaknessData.gd"")"
scripts/dice/setup/EnergyDiceBuilderContextService.gd,4,res://scripts/content/UserDatabasePathService.gd,res://,"""res://scripts/content/UserDatabasePathService.gd"""
scripts/dice/setup/EnergyDiceBuilderContextService.gd,7,user://energy_dice_builder_context.json,user://,"const CONTEXT_PATH: String = ""user://energy_dice_builder_context.json"""
scripts/dice/setup/PokemonDefaultDiceGenerator.gd,5,res://scripts/dice/setup/EnergyDiceSetupData.gd,res://,"""res://scripts/dice/setup/EnergyDiceSetupData.gd"""
scripts/dice/setup/PokemonDefaultDiceGenerator.gd,8,res://scripts/dice/setup/EnergyDieSetupData.gd,res://,"""res://scripts/dice/setup/EnergyDieSetupData.gd"""
scripts/dice/setup/PokemonDefaultDiceGenerator.gd,11,res://scripts/dice/setup/EnergyDiceSetupValidator.gd,res://,"""res://scripts/dice/setup/EnergyDiceSetupValidator.gd"""
scripts/dice/setup/PokemonDefaultDiceGenerator.gd,14,res://scripts/dice/setup/EnergyDiceSetupSaveService.gd,res://,"""res://scripts/dice/setup/EnergyDiceSetupSaveService.gd"""
scripts/dice/setup/PokemonDefaultDiceGenerator.gd,19,res://database/dice_setups,res://,"""res://database/dice_setups"""
scripts/dice/setup/EnergyDiceSetupData.gd,38,res://scripts/dice/setup/EnergyDieSetupData.gd,res://,"""res://scripts/dice/setup/EnergyDieSetupData.gd"""
scripts/dice/setup/EnergyDiceSetupSaveService.gd,5,res://scripts/dice/setup/EnergyDiceSetupData.gd,res://,"""res://scripts/dice/setup/EnergyDiceSetupData.gd"""
scripts/dice/setup/EnergyDiceSetupEditorService.gd,5,res://scripts/dice/setup/EnergyDiceSetupData.gd,res://,"""res://scripts/dice/setup/EnergyDiceSetupData.gd"""
scripts/dice/setup/EnergyDiceSetupEditorService.gd,8,res://scripts/dice/setup/EnergyDieSetupData.gd,res://,"""res://scripts/dice/setup/EnergyDieSetupData.gd"""
scripts/dice/setup/EnergyDiceSetupAdapter.gd,5,res://scripts/team_builder/data/StructuredEnergyDieConfigData.gd,res://,"""res://scripts/team_builder/data/StructuredEnergyDieConfigData.gd"""
scripts/dice/setup/EnergyDiceSetupLoader.gd,5,res://scripts/database/JsonLoader.gd,res://,"""res://scripts/database/JsonLoader.gd"""
scripts/dice/setup/EnergyDiceSetupLoader.gd,8,res://scripts/dice/setup/EnergyDiceSetupData.gd,res://,"""res://scripts/dice/setup/EnergyDiceSetupData.gd"""
scripts/dice/setup/EnergyDiceProbabilityCalculator.gd,5,res://scripts/battle/EnergyCostMatcher.gd,res://,"""res://scripts/battle/EnergyCostMatcher.gd"""
scripts/dice/setup/StructuredEnergyDieProfile.gd,5,res://scripts/dice/setup/StructuredEnergyDieFaceData.gd,res://,"""res://scripts/dice/setup/StructuredEnergyDieFaceData.gd"""
scripts/ui/components/KyokoroEffectPopup.gd,5,res://scripts/presentation/PlakoroIconService.gd,res://,"""res://scripts/presentation/PlakoroIconService.gd"""
scripts/ui/components/KyokoroEffectPopup.gd,8,res://scripts/ui/components/MoveEnergyCostRow.gd,res://,"""res://scripts/ui/components/MoveEnergyCostRow.gd"""
scripts/ui/components/HeroPlakoroCard.gd,5,res://scripts/presentation/PokemonPresentationManager.gd,res://,"""res://scripts/presentation/PokemonPresentationManager.gd"""
scripts/ui/components/HeroPlakoroCard.gd,8,res://scripts/ui/components/EnergyDiceIconSummary.gd,res://,"""res://scripts/ui/components/EnergyDiceIconSummary.gd"""
scripts/ui/components/EnergyDieNetEditor.gd,8,res://scripts/ui/components/EnergyFaceButton.gd,res://,"""res://scripts/ui/components/EnergyFaceButton.gd"""
scripts/ui/components/EnergyDieNetEditor.gd,11,res://scripts/ui/components/EnergyPalette.gd,res://,"""res://scripts/ui/components/EnergyPalette.gd"""
scripts/ui/components/PlakoroPortrait.gd,4,res://scripts/presentation/PokemonPresentationManager.gd,res://,"""res://scripts/presentation/PokemonPresentationManager.gd"""
scripts/ui/components/MoveOutcomeRuleEditor.gd,9,res://scripts/ui/components/MoveActionEditorRow.gd,res://,"""res://scripts/ui/components/MoveActionEditorRow.gd"""
scripts/ui/components/MoveOutcomeRuleEditor.gd,12,res://scripts/presentation/PlakoroIconService.gd,res://,"""res://scripts/presentation/PlakoroIconService.gd"""
scripts/ui/components/BattlePendingEffectIndicator.gd,5,res://scripts/presentation/PlakoroIconService.gd,res://,"""res://scripts/presentation/PlakoroIconService.gd"""
scripts/ui/components/BattleDiceRollPresenter.gd,5,res://scripts/presentation/PlakoroIconService.gd,res://,"""res://scripts/presentation/PlakoroIconService.gd"""
scripts/ui/components/EnergyDieIconPreview.gd,5,res://scripts/ui/components/EnergyCostChip.gd,res://,"""res://scripts/ui/components/EnergyCostChip.gd"""
scripts/ui/components/EnergyDieIconPreview.gd,8,res://scripts/presentation/PlakoroIconService.gd,res://,"""res://scripts/presentation/PlakoroIconService.gd"""
scripts/ui/components/MoveActionEditorRow.gd,9,res://scripts/battle/opcode/DefaultOpcodeRegistryFactory.gd,res://,"""res://scripts/battle/opcode/DefaultOpcodeRegistryFactory.gd"""
scripts/ui/components/MoveActionEditorRow.gd,12,res://scripts/ui/components/MoveConditionEditor.gd,res://,"""res://scripts/ui/components/MoveConditionEditor.gd"""
scripts/ui/components/MoveActionEditorRow.gd,15,res://scripts/ui/components/MoveLifecycleEffectEditor.gd,res://,"""res://scripts/ui/components/MoveLifecycleEffectEditor.gd"""
scripts/ui/components/EnergyPalette.gd,5,res://scripts/presentation/PlakoroIconService.gd,res://,"""res://scripts/presentation/PlakoroIconService.gd"""
scripts/ui/components/EnergyDiceIconSummary.gd,5,res://scripts/ui/components/EnergyDieIconPreview.gd,res://,"""res://scripts/ui/components/EnergyDieIconPreview.gd"""
scripts/ui/components/KyokoroTriggerRow.gd,5,res://scripts/presentation/PlakoroIconService.gd,res://,"""res://scripts/presentation/PlakoroIconService.gd"""
scripts/ui/components/MoveEnergyCostEditorRow.gd,11,res://scripts/presentation/PlakoroIconService.gd,res://,"""res://scripts/presentation/PlakoroIconService.gd"""
scripts/ui/components/PlakoroMoveButton.gd,5,res://scripts/presentation/MoveKyokoroEffectPresentationService.gd,res://,"""res://scripts/presentation/MoveKyokoroEffectPresentationService.gd"""
scripts/ui/components/PlakoroMoveButton.gd,8,res://scripts/ui/components/KyokoroEffectPopup.gd,res://,"""res://scripts/ui/components/KyokoroEffectPopup.gd"""
scripts/ui/components/PlakoroMoveButton.gd,11,res://scripts/ui/components/MoveEnergyCostRow.gd,res://,"""res://scripts/ui/components/MoveEnergyCostRow.gd"""
scripts/ui/components/EnergyCostChip.gd,5,res://scripts/presentation/PlakoroIconService.gd,res://,"""res://scripts/presentation/PlakoroIconService.gd"""
scripts/ui/components/EnergyFaceButton.gd,5,res://scripts/presentation/PlakoroIconService.gd,res://,"""res://scripts/presentation/PlakoroIconService.gd"""
scripts/ui/components/MoveEnergyCostRow.gd,5,res://scripts/ui/components/EnergyCostChip.gd,res://,"""res://scripts/ui/components/EnergyCostChip.gd"""
scripts/ui/responsive/ResponsiveUIService.gd,5,res://scripts/ui/responsive/UIResponsiveProfile.gd,res://,"""res://scripts/ui/responsive/UIResponsiveProfile.gd"""
scripts/ui/theme/PlakoroUIStyle.gd,5,res://scripts/ui/theme/PlakoroThemeFactory.gd,res://,"""res://scripts/ui/theme/PlakoroThemeFactory.gd"""
scripts/replay/data/BattleReplayData.gd,5,res://scripts/replay/data/ReplayTurnData.gd,res://,"""res://scripts/replay/data/ReplayTurnData.gd"""
