id,classification,detail
articuno_air_cutter_ebw01_024,cleaned_safe_mirror,removed 1 legacy mirror(s)
articuno_blizzard_storm_ebw01_023,cleaned_safe_mirror,removed 1 legacy mirror(s)
articuno_cold_breath_ebw01_028,cleaned_safe_mirror,removed 1 legacy mirror(s)
articuno_fly_ebw01_030,cleaned_safe_mirror,removed 2 legacy mirror(s)
articuno_freeze_dive_ebw01_026,cleaned_safe_mirror,removed 1 legacy mirror(s)
articuno_ice_shot_ebw01_027,cleaned_safe_mirror,removed 1 legacy mirror(s)
articuno_ice_wing_ebw01_021,cleaned_safe_mirror,removed 1 legacy mirror(s)
articuno_roost_ebw01_025,cleaned_safe_mirror,removed 1 legacy mirror(s)
bulbasaur_acid_spray_stw01_007,cleaned_safe_mirror,removed 1 legacy mirror(s)
bulbasaur_aroma_storm_stw01_000,cleaned_safe_mirror,removed 1 legacy mirror(s)
bulbasaur_assault_stw01_005,cleaned_safe_mirror,removed 2 legacy mirror(s)
bulbasaur_giga_drain_stw01_006,cleaned_safe_mirror,removed 1 legacy mirror(s)
bulbasaur_leech_seed_stw01_003,cleaned_safe_mirror,removed 1 legacy mirror(s)
bulbasaur_razor_leaf_stw01_002,cleaned_safe_mirror,removed 1 legacy mirror(s)
bulbasaur_vine_whip_stw01_001,cleaned_safe_mirror,removed 1 legacy mirror(s)
charmander_ember_stw02_001,cleaned_safe_mirror,removed 1 legacy mirror(s)
charmander_fire_fang_stw02_004,cleaned_safe_mirror,removed 1 legacy mirror(s)
charmander_flame_up_stw02_000,cleaned_safe_mirror,removed 2 legacy mirror(s)
charmander_flamethrower_stw02_003,cleaned_safe_mirror,removed 2 legacy mirror(s)
charmander_flare_storm_stw02_005,cleaned_safe_mirror,removed 1 legacy mirror(s)
charmander_heat_up_stw02_002,cleaned_safe_mirror,removed 1 legacy mirror(s)
charmander_metal_claw_stw02_007,cleaned_safe_mirror,removed 1 legacy mirror(s)
charmander_thunder_punch_stw02_006,cleaned_safe_mirror,removed 1 legacy mirror(s)
eevee_bite_stw05_007,cleaned_safe_mirror,removed 1 legacy mirror(s)
eevee_charm_stw05_006,cleaned_safe_mirror,removed 1 legacy mirror(s)
eevee_flop_stw05_004,cleaned_safe_mirror,removed 3 legacy mirror(s)
eevee_full_power_dash_stw05_005,cleaned_safe_mirror,removed 1 legacy mirror(s)
eevee_tackle_stw05_002,cleaned_safe_mirror,removed 1 legacy mirror(s)
eevee_tail_slap_stw05_001,cleaned_safe_mirror,removed 1 legacy mirror(s)
eevee_take_down_stw05_003,cleaned_safe_mirror,removed 2 legacy mirror(s)
grimer_harassment_venom_ebw01_059,cleaned_safe_mirror,removed 1 legacy mirror(s)
grimer_poison_gas_ebw01_051,cleaned_safe_mirror,removed 1 legacy mirror(s)
grimer_sludge_tackle_ebw01_058,cleaned_safe_mirror,removed 2 legacy mirror(s)
grimer_sludge_toss_ebw01_052,cleaned_safe_mirror,removed 1 legacy mirror(s)
grimer_toxic_blast_ebw01_057,cleaned_safe_mirror,removed 1 legacy mirror(s)
grimer_toxic_heal_ebw01_053,cleaned_safe_mirror,removed 1 legacy mirror(s)
grimer_venom_punch_ebw01_055,cleaned_safe_mirror,removed 1 legacy mirror(s)
mew_barrier_stw06_003,cleaned_safe_mirror,removed 1 legacy mirror(s)
mew_confusion_stw06_001,cleaned_safe_mirror,removed 1 legacy mirror(s)
mew_psybeam_stw06_002,cleaned_safe_mirror,removed 1 legacy mirror(s)
mew_psyshot_stw06_005,cleaned_safe_mirror,removed 1 legacy mirror(s)
mew_reflection_stw06_007,cleaned_safe_mirror,removed 1 legacy mirror(s)
moltres_burn_up_ebw01_018,cleaned_safe_mirror,removed 1 legacy mirror(s)
moltres_fire_spin_ebw01_016,cleaned_safe_mirror,removed 2 legacy mirror(s)
moltres_fire_wing_ebw01_011,cleaned_safe_mirror,removed 2 legacy mirror(s)
moltres_flamethrower_ebw01_013,cleaned_safe_mirror,removed 2 legacy mirror(s)
moltres_flare_blitz_ebw01_014,cleaned_safe_mirror,removed 2 legacy mirror(s)
moltres_fly_ebw01_020,cleaned_safe_mirror,removed 2 legacy mirror(s)
moltres_heat_breath_ebw01_017,cleaned_safe_mirror,removed 2 legacy mirror(s)
moltres_heat_wave_ebw01_012,cleaned_safe_mirror,removed 1 legacy mirror(s)
moltres_hurricane_ebw01_015,cleaned_safe_mirror,removed 1 legacy mirror(s)
moltres_wing_rush_ebw01_019,cleaned_safe_mirror,removed 1 legacy mirror(s)
onix_hard_impact_ebw01_044,cleaned_safe_mirror,removed 2 legacy mirror(s)
onix_iron_tail_ebw01_050,cleaned_safe_mirror,removed 1 legacy mirror(s)
onix_ram_ebw01_046,cleaned_safe_mirror,removed 1 legacy mirror(s)
onix_rock_barrier_ebw01_049,cleaned_safe_mirror,removed 1 legacy mirror(s)
onix_rock_slide_ebw01_047,cleaned_safe_mirror,removed 1 legacy mirror(s)
onix_rock_throw_ebw01_042,cleaned_safe_mirror,removed 1 legacy mirror(s)
onix_rock_wall_ebw01_043,cleaned_safe_mirror,removed 1 legacy mirror(s)
onix_rocky_tackle_ebw01_041,cleaned_safe_mirror,removed 1 legacy mirror(s)
onix_wild_tackle_ebw01_048,cleaned_safe_mirror,removed 2 legacy mirror(s)
pikachu_critical_bolt_stw04_000,cleaned_safe_mirror,removed 1 legacy mirror(s)
pikachu_gnaw_stw04_001,cleaned_safe_mirror,removed 1 legacy mirror(s)
pikachu_iron_tail_stw04_007,cleaned_safe_mirror,removed 1 legacy mirror(s)
pikachu_thunder_shock_stw04_002,cleaned_safe_mirror,removed 1 legacy mirror(s)
pikachu_thunder_stw04_005,cleaned_safe_mirror,removed 1 legacy mirror(s)
pikachu_thunderbolt_stw04_004,cleaned_safe_mirror,removed 2 legacy mirror(s)
pikachu_volt_tackle_stw04_006,cleaned_safe_mirror,removed 1 legacy mirror(s)
pinsir_berserk_swing_ebw01_007,cleaned_safe_mirror,removed 1 legacy mirror(s)
pinsir_brick_break_ebw01_005,cleaned_safe_mirror,removed 1 legacy mirror(s)
pinsir_concentrate_ebw01_001,cleaned_safe_mirror,removed 1 legacy mirror(s)
pinsir_deadly_scissors_ebw01_009,cleaned_safe_mirror,removed 1 legacy mirror(s)
pinsir_endure_ebw01_002,cleaned_safe_mirror,removed 1 legacy mirror(s)
pinsir_guillotine_ebw01_004,cleaned_safe_mirror,removed 1 legacy mirror(s)
pinsir_horn_attack_ebw01_003,cleaned_safe_mirror,removed 1 legacy mirror(s)
pinsir_reckless_charge_ebw01_008,cleaned_safe_mirror,removed 2 legacy mirror(s)
pinsir_scissors_charge_ebw01_006,cleaned_safe_mirror,removed 1 legacy mirror(s)
pinsir_submission_ebw01_010,cleaned_safe_mirror,removed 1 legacy mirror(s)
squirtle_bubble_beam_stw03_005,cleaned_safe_mirror,removed 1 legacy mirror(s)
squirtle_hard_shell_prw01_3_08,cleaned_safe_mirror,removed 1 legacy mirror(s)
squirtle_hydro_rage_stw03_006,cleaned_safe_mirror,removed 1 legacy mirror(s)
squirtle_mud_shot_stw03_007,cleaned_safe_mirror,removed 1 legacy mirror(s)
squirtle_shell_attack_stw03_004,cleaned_safe_mirror,removed 1 legacy mirror(s)
squirtle_water_gun_stw03_001,cleaned_safe_mirror,removed 1 legacy mirror(s)
squirtle_water_pulse_stw03_003,cleaned_safe_mirror,removed 1 legacy mirror(s)
squirtle_withdraw_stw03_002,cleaned_safe_mirror,removed 1 legacy mirror(s)
zapdos_aerial_ace_ebw01_034,cleaned_safe_mirror,removed 1 legacy mirror(s)
zapdos_crushing_wing_ebw01_035,cleaned_safe_mirror,removed 1 legacy mirror(s)
zapdos_discharge_ebw01_038,cleaned_safe_mirror,removed 1 legacy mirror(s)
zapdos_electroarrow_ebw01_037,cleaned_safe_mirror,removed 1 legacy mirror(s)
zapdos_fly_ebw01_040,cleaned_safe_mirror,removed 2 legacy mirror(s)
zapdos_thunder_flash_ebw01_031,cleaned_safe_mirror,removed 1 legacy mirror(s)
zapdos_thunder_shock_ebw01_032,cleaned_safe_mirror,removed 1 legacy mirror(s)
articuno_sheer_cold_ebw01_029,deferred_structural,kyokoro.opponent_disable
zapdos_dual_thunder_ebw01_036,deferred_structural,kyokoro.multi_roll
zapdos_thunder_chain_ebw01_039,deferred_structural,kyokoro.repeat_until_fail
zapdos_volt_rush_ebw01_033,deferred_structural,kyokoro.multi_roll
articuno_frozen_blade_ebw01_022,manual_review,"legacy kyokoro mirror does not exactly match outcome_rules, or no outcome_rules exist"
bulbasaur_grass_knot_stw01_004,manual_review,"legacy kyokoro mirror does not exactly match outcome_rules, or no outcome_rules exist"
grimer_sludge_ring_ebw01_054,manual_review,"legacy kyokoro mirror does not exactly match outcome_rules, or no outcome_rules exist"
grimer_venom_slip_ebw01_056,manual_review,"legacy kyokoro mirror does not exactly match outcome_rules, or no outcome_rules exist"
mew_memory_skip_stw06_004,manual_review,"legacy kyokoro mirror does not exactly match outcome_rules, or no outcome_rules exist"
mew_psychic_stw06_006,manual_review,"legacy kyokoro mirror does not exactly match outcome_rules, or no outcome_rules exist"
onix_gyro_ball_ebw01_045,manual_review,"legacy kyokoro mirror does not exactly match outcome_rules, or no outcome_rules exist"
pikachu_electric_rush_stw04_003,manual_review,"legacy kyokoro mirror does not exactly match outcome_rules, or no outcome_rules exist"
