file,id,move_name_id,owner_id,status,outcome_rule_count,kyokoro_special_mirror_count,structural_special_count,source_kyokoro_text_count
articuno_air_cutter_ebw01_024.json,articuno_air_cutter_ebw01_024,air_cutter,articuno,dual_representation,1,1,0,1
articuno_blizzard_storm_ebw01_023.json,articuno_blizzard_storm_ebw01_023,blizzard_storm,articuno,dual_representation,1,1,0,1
articuno_cold_breath_ebw01_028.json,articuno_cold_breath_ebw01_028,cold_breath,articuno,dual_representation,1,1,0,1
articuno_fly_ebw01_030.json,articuno_fly_ebw01_030,fly,articuno,dual_representation,2,2,0,2
articuno_freeze_dive_ebw01_026.json,articuno_freeze_dive_ebw01_026,freeze_dive,articuno,dual_representation,1,1,0,1
articuno_frozen_blade_ebw01_022.json,articuno_frozen_blade_ebw01_022,frozen_blade,articuno,dual_representation,1,2,1,1
articuno_ice_shot_ebw01_027.json,articuno_ice_shot_ebw01_027,ice_shot,articuno,dual_representation,1,1,0,1
articuno_ice_wing_ebw01_021.json,articuno_ice_wing_ebw01_021,ice_wing,articuno,dual_representation,1,1,0,1
articuno_roost_ebw01_025.json,articuno_roost_ebw01_025,roost,articuno,dual_representation,1,1,0,1
articuno_sheer_cold_ebw01_029.json,articuno_sheer_cold_ebw01_029,sheer_cold,articuno,dual_representation,1,2,1,1
bulbasaur_acid_spray_stw01_007.json,bulbasaur_acid_spray_stw01_007,acid_spray,bulbasaur,dual_representation,1,1,0,1
bulbasaur_aroma_storm_stw01_000.json,bulbasaur_aroma_storm_stw01_000,aroma_storm,bulbasaur,dual_representation,1,1,0,1
bulbasaur_assault_stw01_005.json,bulbasaur_assault_stw01_005,assault,bulbasaur,dual_representation,2,2,0,2
bulbasaur_giga_drain_stw01_006.json,bulbasaur_giga_drain_stw01_006,giga_drain,bulbasaur,dual_representation,1,1,0,1
bulbasaur_grass_knot_stw01_004.json,bulbasaur_grass_knot_stw01_004,grass_knot,bulbasaur,legacy_kyokoro_special_only,0,2,1,1
bulbasaur_leech_seed_stw01_003.json,bulbasaur_leech_seed_stw01_003,leech_seed,bulbasaur,dual_representation,1,1,0,1
bulbasaur_razor_leaf_stw01_002.json,bulbasaur_razor_leaf_stw01_002,razor_leaf,bulbasaur,dual_representation,1,1,0,1
bulbasaur_vine_whip_stw01_001.json,bulbasaur_vine_whip_stw01_001,vine_whip,bulbasaur,dual_representation,1,1,0,1
charmander_ember_stw02_001.json,charmander_ember_stw02_001,ember,charmander,dual_representation,1,1,0,1
charmander_fire_fang_stw02_004.json,charmander_fire_fang_stw02_004,fire_fang,charmander,dual_representation,1,1,0,1
charmander_flame_up_stw02_000.json,charmander_flame_up_stw02_000,flame_up,charmander,dual_representation,2,2,0,2
charmander_flamethrower_stw02_003.json,charmander_flamethrower_stw02_003,flamethrower,charmander,dual_representation,2,2,0,2
charmander_flare_storm_stw02_005.json,charmander_flare_storm_stw02_005,flare_storm,charmander,dual_representation,1,1,0,1
charmander_heat_up_stw02_002.json,charmander_heat_up_stw02_002,heat_up,charmander,dual_representation,1,1,0,1
charmander_metal_claw_stw02_007.json,charmander_metal_claw_stw02_007,metal_claw,charmander,dual_representation,1,1,0,1
charmander_thunder_punch_stw02_006.json,charmander_thunder_punch_stw02_006,thunder_punch,charmander,dual_representation,1,1,0,1
eevee_bite_stw05_007.json,eevee_bite_stw05_007,bite,eevee,dual_representation,1,1,0,1
eevee_charm_stw05_006.json,eevee_charm_stw05_006,charm,eevee,dual_representation,1,1,0,1
eevee_flop_stw05_004.json,eevee_flop_stw05_004,flop,eevee,dual_representation,3,3,0,3
eevee_full_power_dash_stw05_005.json,eevee_full_power_dash_stw05_005,full_power_dash,eevee,dual_representation,1,1,0,1
eevee_tackle_stw05_002.json,eevee_tackle_stw05_002,tackle,eevee,dual_representation,1,1,0,1
eevee_tail_slap_stw05_001.json,eevee_tail_slap_stw05_001,tail_slap,eevee,dual_representation,1,1,0,1
eevee_take_down_stw05_003.json,eevee_take_down_stw05_003,take_down,eevee,dual_representation,2,2,0,2
grimer_harassment_venom_ebw01_059.json,grimer_harassment_venom_ebw01_059,harassment_venom,grimer,dual_representation,1,1,0,1
grimer_poison_gas_ebw01_051.json,grimer_poison_gas_ebw01_051,poison_gas,grimer,dual_representation,1,1,0,1
grimer_sludge_ring_ebw01_054.json,grimer_sludge_ring_ebw01_054,sludge_ring,grimer,legacy_kyokoro_special_only,0,2,1,1
grimer_sludge_tackle_ebw01_058.json,grimer_sludge_tackle_ebw01_058,sludge_tackle,grimer,dual_representation,2,2,0,2
grimer_sludge_toss_ebw01_052.json,grimer_sludge_toss_ebw01_052,sludge_toss,grimer,dual_representation,1,1,0,1
grimer_toxic_blast_ebw01_057.json,grimer_toxic_blast_ebw01_057,toxic_blast,grimer,dual_representation,1,1,0,1
grimer_toxic_heal_ebw01_053.json,grimer_toxic_heal_ebw01_053,toxic_heal,grimer,dual_representation,1,1,0,1
grimer_venom_punch_ebw01_055.json,grimer_venom_punch_ebw01_055,venom_punch,grimer,dual_representation,1,1,0,1
grimer_venom_slip_ebw01_056.json,grimer_venom_slip_ebw01_056,venom_slip,grimer,legacy_kyokoro_special_only,0,2,1,1
mew_barrier_stw06_003.json,mew_barrier_stw06_003,barrier,mew,dual_representation,1,1,0,1
mew_confusion_stw06_001.json,mew_confusion_stw06_001,confusion,mew,dual_representation,1,1,0,1
mew_memory_skip_stw06_004.json,mew_memory_skip_stw06_004,memory_skip,mew,legacy_kyokoro_special_only,0,2,1,1
mew_psybeam_stw06_002.json,mew_psybeam_stw06_002,psybeam,mew,dual_representation,1,1,0,1
mew_psychic_stw06_006.json,mew_psychic_stw06_006,psychic,mew,legacy_kyokoro_special_only,0,2,1,1
mew_psyshot_stw06_005.json,mew_psyshot_stw06_005,psyshot,mew,dual_representation,1,1,0,1
mew_reflection_stw06_007.json,mew_reflection_stw06_007,reflection,mew,dual_representation,1,1,0,1
moltres_burn_up_ebw01_018.json,moltres_burn_up_ebw01_018,burn_up,moltres,dual_representation,1,1,0,1
moltres_fire_spin_ebw01_016.json,moltres_fire_spin_ebw01_016,fire_spin,moltres,dual_representation,2,2,0,2
moltres_fire_wing_ebw01_011.json,moltres_fire_wing_ebw01_011,fire_wing,moltres,dual_representation,2,2,0,2
moltres_flamethrower_ebw01_013.json,moltres_flamethrower_ebw01_013,flamethrower,moltres,dual_representation,2,2,0,2
moltres_flare_blitz_ebw01_014.json,moltres_flare_blitz_ebw01_014,flare_blitz,moltres,dual_representation,2,2,0,2
moltres_fly_ebw01_020.json,moltres_fly_ebw01_020,fly,moltres,dual_representation,2,2,0,2
moltres_heat_breath_ebw01_017.json,moltres_heat_breath_ebw01_017,heat_breath,moltres,dual_representation,2,2,0,2
moltres_heat_wave_ebw01_012.json,moltres_heat_wave_ebw01_012,heat_wave,moltres,dual_representation,1,1,0,1
moltres_hurricane_ebw01_015.json,moltres_hurricane_ebw01_015,hurricane,moltres,dual_representation,1,1,0,1
moltres_wing_rush_ebw01_019.json,moltres_wing_rush_ebw01_019,wing_rush,moltres,dual_representation,1,1,0,1
onix_gyro_ball_ebw01_045.json,onix_gyro_ball_ebw01_045,gyro_ball,onix,legacy_kyokoro_special_only,0,2,1,1
onix_hard_impact_ebw01_044.json,onix_hard_impact_ebw01_044,hard_impact,onix,dual_representation,2,2,0,2
onix_iron_tail_ebw01_050.json,onix_iron_tail_ebw01_050,iron_tail,onix,dual_representation,1,1,0,1
onix_ram_ebw01_046.json,onix_ram_ebw01_046,ram,onix,dual_representation,1,1,0,1
onix_rock_barrier_ebw01_049.json,onix_rock_barrier_ebw01_049,rock_barrier,onix,dual_representation,1,1,0,1
onix_rock_slide_ebw01_047.json,onix_rock_slide_ebw01_047,rock_slide,onix,dual_representation,1,1,0,1
onix_rock_throw_ebw01_042.json,onix_rock_throw_ebw01_042,rock_throw,onix,dual_representation,1,1,0,1
onix_rock_wall_ebw01_043.json,onix_rock_wall_ebw01_043,rock_wall,onix,dual_representation,1,1,0,1
onix_rocky_tackle_ebw01_041.json,onix_rocky_tackle_ebw01_041,rocky_tackle,onix,dual_representation,1,1,0,1
onix_wild_tackle_ebw01_048.json,onix_wild_tackle_ebw01_048,wild_tackle,onix,dual_representation,2,2,0,2
pikachu_critical_bolt_stw04_000.json,pikachu_critical_bolt_stw04_000,critical_bolt,pikachu,dual_representation,1,1,0,1
pikachu_electric_rush_stw04_003.json,pikachu_electric_rush_stw04_003,electric_rush,pikachu,legacy_kyokoro_special_only,0,3,2,1
pikachu_gnaw_stw04_001.json,pikachu_gnaw_stw04_001,gnaw,pikachu,dual_representation,1,1,0,1
pikachu_iron_tail_stw04_007.json,pikachu_iron_tail_stw04_007,iron_tail,pikachu,dual_representation,1,1,0,1
pikachu_thunder_shock_stw04_002.json,pikachu_thunder_shock_stw04_002,thunder_shock,pikachu,dual_representation,1,1,0,1
pikachu_thunder_stw04_005.json,pikachu_thunder_stw04_005,thunder,pikachu,dual_representation,1,1,0,1
pikachu_thunderbolt_stw04_004.json,pikachu_thunderbolt_stw04_004,thunderbolt,pikachu,dual_representation,2,2,0,2
pikachu_volt_tackle_stw04_006.json,pikachu_volt_tackle_stw04_006,volt_tackle,pikachu,dual_representation,1,1,0,1
pinsir_berserk_swing_ebw01_007.json,pinsir_berserk_swing_ebw01_007,berserk_swing,pinsir,dual_representation,1,1,0,1
pinsir_brick_break_ebw01_005.json,pinsir_brick_break_ebw01_005,brick_break,pinsir,dual_representation,1,1,0,1
pinsir_concentrate_ebw01_001.json,pinsir_concentrate_ebw01_001,concentrate,pinsir,dual_representation,1,1,0,1
pinsir_deadly_scissors_ebw01_009.json,pinsir_deadly_scissors_ebw01_009,deadly_scissors,pinsir,dual_representation,1,1,0,1
pinsir_endure_ebw01_002.json,pinsir_endure_ebw01_002,endure,pinsir,dual_representation,1,1,0,1
pinsir_guillotine_ebw01_004.json,pinsir_guillotine_ebw01_004,guillotine,pinsir,dual_representation,1,1,0,1
pinsir_horn_attack_ebw01_003.json,pinsir_horn_attack_ebw01_003,horn_attack,pinsir,dual_representation,1,1,0,1
pinsir_reckless_charge_ebw01_008.json,pinsir_reckless_charge_ebw01_008,reckless_charge,pinsir,dual_representation,2,2,0,2
pinsir_scissors_charge_ebw01_006.json,pinsir_scissors_charge_ebw01_006,scissors_charge,pinsir,dual_representation,1,1,0,1
pinsir_submission_ebw01_010.json,pinsir_submission_ebw01_010,submission,pinsir,dual_representation,1,1,0,1
squirtle_bubble_beam_stw03_005.json,squirtle_bubble_beam_stw03_005,bubble_beam,squirtle,dual_representation,1,1,0,1
squirtle_hard_shell_prw01_3_08.json,squirtle_hard_shell_prw01_3_08,hard_shell,squirtle,dual_representation,1,1,0,1
squirtle_hydro_rage_stw03_006.json,squirtle_hydro_rage_stw03_006,hydro_rage,squirtle,dual_representation,1,1,0,1
squirtle_mud_shot_stw03_007.json,squirtle_mud_shot_stw03_007,mud_shot,squirtle,dual_representation,1,1,0,1
squirtle_shell_attack_stw03_004.json,squirtle_shell_attack_stw03_004,shell_attack,squirtle,dual_representation,1,1,0,1
squirtle_water_gun_stw03_001.json,squirtle_water_gun_stw03_001,water_gun,squirtle,dual_representation,1,1,0,1
squirtle_water_pulse_stw03_003.json,squirtle_water_pulse_stw03_003,water_pulse,squirtle,dual_representation,1,1,0,1
squirtle_withdraw_stw03_002.json,squirtle_withdraw_stw03_002,withdraw,squirtle,dual_representation,1,1,0,1
test.json,test,test,pikachu,outcome_rules_only,1,0,0,0
test_pikachu_move.json,test_pikachu_move,test,pikachu,outcome_rules_only,1,0,0,0
zapdos_aerial_ace_ebw01_034.json,zapdos_aerial_ace_ebw01_034,aerial_ace,zapdos,dual_representation,1,1,0,1
zapdos_crushing_wing_ebw01_035.json,zapdos_crushing_wing_ebw01_035,crushing_wing,zapdos,dual_representation,1,1,0,1
zapdos_discharge_ebw01_038.json,zapdos_discharge_ebw01_038,discharge,zapdos,dual_representation,1,1,0,1
zapdos_dual_thunder_ebw01_036.json,zapdos_dual_thunder_ebw01_036,dual_thunder,zapdos,dual_representation,1,1,1,1
zapdos_electroarrow_ebw01_037.json,zapdos_electroarrow_ebw01_037,electroarrow,zapdos,dual_representation,1,1,0,1
zapdos_fly_ebw01_040.json,zapdos_fly_ebw01_040,fly,zapdos,dual_representation,2,2,0,2
zapdos_thunder_chain_ebw01_039.json,zapdos_thunder_chain_ebw01_039,thunder_chain,zapdos,dual_representation,1,2,1,1
zapdos_thunder_flash_ebw01_031.json,zapdos_thunder_flash_ebw01_031,thunder_flash,zapdos,dual_representation,1,1,0,1
zapdos_thunder_shock_ebw01_032.json,zapdos_thunder_shock_ebw01_032,thunder_shock,zapdos,dual_representation,1,1,0,1
zapdos_volt_rush_ebw01_033.json,zapdos_volt_rush_ebw01_033,volt_rush,zapdos,dual_representation,1,1,1,1
